time_from_start,number_of_rows_finished
13.384571075439453,32
13.505479097366333,64
14.307569980621338,96
14.502650022506714,128
16.135125875473022,160
16.702946662902832,192
17.669607877731323,224
17.72464394569397,256
18.803638219833374,288
19.4243586063385,320
20.957457065582275,352
20.974881649017334,384
21.813351154327393,416
22.55439043045044,448
23.722673654556274,480
23.900437831878662,512
24.70180583000183,544
25.251107931137085,576
26.71241068840027,608
26.97146964073181,640
27.406189918518066,672
27.954612493515015,704
29.19624948501587,736
29.785829782485962,768
30.48077392578125,800
30.941093683242798,832
31.961798191070557,864
32.45994710922241,896
33.39626598358154,928
33.92116451263428,960
34.923195600509644,992
35.210530042648315,1024
35.95636868476868,1056
36.78025245666504,1088
37.68109750747681,1120
38.28789782524109,1152
38.9557158946991,1184
39.3021183013916,1216
40.29930233955383,1248
40.92523550987244,1280
41.880584716796875,1312
41.91727590560913,1344
43.41221356391907,1376
43.618276596069336,1408
44.88522672653198,1440
44.910805225372314,1472
46.14662170410156,1504
46.47525382041931,1536
47.58495569229126,1568
47.80772852897644,1600
48.93325710296631,1632
49.26939582824707,1664
50.32374858856201,1696
50.84074807167053,1728
51.98469662666321,1760
52.320887327194214,1792
53.155038356781006,1824
53.700340270996094,1856
54.6688232421875,1888
55.18831396102905,1920
55.9212384223938,1952
56.34074568748474,1984
57.57999658584595,2016
58.02805256843567,2048
58.67093873023987,2080
59.135905742645264,2112
60.25067925453186,2144
60.73482823371887,2176
61.54083967208862,2208
61.973228454589844,2240
62.91449975967407,2272
63.2591814994812,2304
63.97158169746399,2336
64.45699763298035,2368
65.65311646461487,2400
65.97682356834412,2432
66.5239269733429,2464
67.44332003593445,2496
68.339834690094,2528
68.55568981170654,2560
69.08880662918091,2592
70.0113685131073,2624
70.95029950141907,2656
71.4492540359497,2688
71.90296649932861,2720
72.57216811180115,2752
73.40146589279175,2784
74.18951916694641,2816
74.45628046989441,2848
75.33253812789917,2880
76.00506210327148,2912
76.78996419906616,2944
77.31478786468506,2976
77.9166362285614,3008
78.59089827537537,3040
79.504385471344,3072
79.9004476070404,3104
80.59465384483337,3136
81.06023573875427,3168
82.21356344223022,3200
82.52446436882019,3232
83.50172519683838,3264
83.53621554374695,3296
84.72905588150024,3328
85.06627464294434,3360
86.49674248695374,3392
86.52572083473206,3424
87.4783935546875,3456
87.78874230384827,3488
88.95277047157288,3520
89.24010396003723,3552
90.01254534721375,3584
90.40200638771057,3616
91.81890177726746,3648
92.01507616043091,3680
92.7330493927002,3712
92.98002743721008,3744
94.5530641078949,3776
94.64303874969482,3808
95.5242383480072,3840
95.57160067558289,3872
97.02575993537903,3904
97.72802090644836,3936
98.3737154006958,3968
98.59913182258606,4000
99.84142875671387,4032
100.36124348640442,4064
101.18560481071472,4096
101.84739303588867,4128
102.85513114929199,4160
103.20867013931274,4192
103.82011675834656,4224
104.33340859413147,4256
105.96929931640625,4288
106.00654578208923,4320
106.90509533882141,4352
107.1266074180603,4384
108.6478374004364,4416
108.79689860343933,4448
109.52150750160217,4480
110.10933923721313,4512
111.36808061599731,4544
111.63118839263916,4576
112.31580185890198,4608
112.85937595367432,4640
113.97504782676697,4672
114.4787130355835,4704
115.10560202598572,4736
115.73640942573547,4768
116.67406749725342,4800
117.33025193214417,4832
117.87374091148376,4864
118.39338374137878,4896
118.99539375305176,4928
120.08344149589539,4960
120.74823951721191,4992
121.40220093727112,5024
121.87194395065308,5056
122.48365664482117,5088
123.44147157669067,5120
124.15278029441833,5152
124.67609786987305,5184
125.06098818778992,5216
125.84523105621338,5248
126.786288022995,5280
127.60736536979675,5312
127.9225001335144,5344
128.60045528411865,5376
129.39444494247437,5408
130.33147931098938,5440
130.61681985855103,5472
131.34793758392334,5504
131.76915860176086,5536
132.81175088882446,5568
133.2319598197937,5600
133.9263231754303,5632
134.49372124671936,5664
135.52868962287903,5696
135.9021873474121,5728
136.63446497917175,5760
137.11835360527039,5792
138.36777424812317,5824
138.5242896080017,5856
139.29001927375793,5888
139.7444667816162,5920
140.9851791858673,5952
141.1818630695343,5984
141.97411561012268,6016
142.37737798690796,6048
143.4491262435913,6080
143.64633631706238,6112
144.560893535614,6144
145.05702090263367,6176
146.32421278953552,6208
146.32935500144958,6240
147.12273788452148,6272
148.04943537712097,6304
148.73439860343933,6336
149.01841235160828,6368
149.80862283706665,6400
150.5670256614685,6432
151.39596676826477,6464
151.7168323993683,6496
152.51217699050903,6528
152.9770052433014,6560
153.96998357772827,6592
154.3768470287323,6624
155.04399061203003,6656
155.61696887016296,6688
156.62522411346436,6720
157.05058097839355,6752
157.59318447113037,6784
158.14534997940063,6816
159.24177479743958,6848
159.81420993804932,6880
160.28678965568542,6912
160.92108726501465,6944
161.69342184066772,6976
162.41746497154236,7008
162.798006772995,7040
163.50061678886414,7072
164.40406107902527,7104
165.03332424163818,7136
165.7677960395813,7168
166.11318135261536,7200
166.81635189056396,7232
167.52769303321838,7264
168.6050808429718,7296
169.04797983169556,7328
169.4909906387329,7360
170.06010627746582,7392
170.97650790214539,7424
171.74415636062622,7456
172.34140491485596,7488
173.03081154823303,7520
173.66046380996704,7552
174.59098291397095,7584
175.0395541191101,7616
175.83818984031677,7648
176.1529359817505,7680
177.59968638420105,7712
177.8193016052246,7744
178.70809888839722,7776
178.79239630699158,7808
180.2840473651886,7840
180.40287685394287,7872
181.3688771724701,7904
181.3838267326355,7936
182.95130062103271,7968
183.06759786605835,8000
184.07061457633972,8032
184.08515453338623,8064
185.71603560447693,8096
185.79863095283508,8128
186.7983021736145,8160
186.8914544582367,8192
188.40194082260132,8224
188.58307909965515,8256
189.4894242286682,8288
189.77238273620605,8320
190.950541973114,8352
191.28349447250366,8384
192.289306640625,8416
192.3153703212738,8448
193.49018025398254,8480
193.89756631851196,8512
194.74276471138,8544
194.98998165130615,8576
196.32381057739258,8608
197.04351139068604,8640
197.36347103118896,8672
197.67518258094788,8704
198.75756359100342,8736
199.70233583450317,8768
200.18421459197998,8800
200.59999704360962,8832
201.1598813533783,8864
202.2679455280304,8896
202.6807198524475,8928
203.31185054779053,8960
203.81144452095032,8992
204.85253953933716,9024
205.21285820007324,9056
206.02273058891296,9088
206.2220697402954,9120
207.24837470054626,9152
207.67869329452515,9184
208.8098804950714,9216
209.0103199481964,9248
209.81150674819946,9280
210.15259790420532,9312
211.32516837120056,9344
211.48920798301697,9376
212.47141003608704,9408
212.89414024353027,9440
214.16686534881592,9472
214.288348197937,9504
215.227530002594,9536
215.56209802627563,9568
216.71483397483826,9600
217.07253289222717,9632
218.01835680007935,9664
218.29549312591553,9696
219.09314846992493,9728
219.70642614364624,9760
220.53231763839722,9792
220.89684677124023,9824
221.83736610412598,9856
222.29394626617432,9888
223.19440150260925,9920
223.59857654571533,9952
224.70895409584045,9984
224.8329701423645,10016
226.103600025177,10048
226.18064785003662,10080
227.25204515457153,10112
227.53695249557495,10144
228.66734862327576,10176
229.06652188301086,10208
230.0497965812683,10240
230.2473647594452,10272
231.42030930519104,10304
231.4735119342804,10336
232.6897256374359,10368
233.02084350585938,10400
234.0530867576599,10432
234.2139914035797,10464
235.32344698905945,10496
235.8461446762085,10528
236.83890581130981,10560
237.02901148796082,10592
237.8070685863495,10624
238.47682523727417,10656
239.39971089363098,10688
239.7700366973877,10720
240.5723419189453,10752
241.2183277606964,10784
242.148451089859,10816
242.28934383392334,10848
243.11966061592102,10880
243.68435788154602,10912
244.6251232624054,10944
245.06403803825378,10976
245.7943193912506,11008
246.3470549583435,11040
247.19534254074097,11072
247.54533624649048,11104
248.3860354423523,11136
249.20744228363037,11168
250.04664850234985,11200
250.16564226150513,11232
250.94310879707336,11264
251.56225514411926,11296
252.60702395439148,11328
253.03451490402222,11360
253.55286931991577,11392
254.24778389930725,11424
255.1690092086792,11456
255.3980996608734,11488
256.2689845561981,11520
256.6865065097809,11552
257.84530568122864,11584
257.8764307498932,11616
258.72348618507385,11648
259.5097496509552,11680
260.41227626800537,11712
260.5463583469391,11744
261.5601167678833,11776
262.0343396663666,11808
263.20396089553833,11840
263.28872990608215,11872
264.18801951408386,11904
264.65965151786804,11936
265.73173666000366,11968
266.0432357788086,12000
266.8470242023468,12032
267.13425183296204,12064
268.16228890419006,12096
268.8090491294861,12128
269.7516496181488,12160
269.93101739883423,12192
270.6240646839142,12224
271.2171063423157,12256
272.27534651756287,12288
272.6186797618866,12320
273.38474774360657,12352
274.1563775539398,12384
275.10946011543274,12416
275.41652727127075,12448
276.035765171051,12480
276.57418870925903,12512
277.8300805091858,12544
278.12154507637024,12576
278.67873191833496,12608
279.31491208076477,12640
280.37063455581665,12672
280.76905488967896,12704
281.55979919433594,12736
282.0673658847809,12768
283.1756372451782,12800
283.2783193588257,12832
284.21354031562805,12864
284.51595997810364,12896
285.8195996284485,12928
285.89232420921326,12960
287.0765063762665,12992
287.4394750595093,13024
288.4827036857605,13056
289.0706901550293,13088
289.71926403045654,13120
290.1275420188904,13152
291.4619505405426,13184
291.69611048698425,13216
292.78805351257324,13248
292.8607475757599,13280
294.3420379161835,13312
294.4206531047821,13344
295.43220567703247,13376
295.772821187973,13408
296.88908529281616,13440
297.05837988853455,13472
297.91356134414673,13504
298.5205283164978,13536
299.5133798122406,13568
299.8131127357483,13600
300.5349099636078,13632
301.1372961997986,13664
302.0717432498932,13696
302.44162464141846,13728
303.25320410728455,13760
303.571213722229,13792
304.6450288295746,13824
305.1984353065491,13856
305.7578125,13888
305.9638204574585,13920
307.3107876777649,13952
307.7983932495117,13984
308.5708169937134,14016
308.9742226600647,14048
309.85503697395325,14080
310.30183601379395,14112
311.16177225112915,14144
311.56607365608215,14176
312.37777376174927,14208
313.07412362098694,14240
313.59282517433167,14272
314.26265835762024,14304
315.22375679016113,14336
315.82461190223694,14368
316.010817527771,14400
316.7465078830719,14432
317.7297694683075,14464
318.45940256118774,14496
318.65724182128906,14528
319.40714597702026,14560
320.1439347267151,14592
321.20171999931335,14624
321.36551809310913,14656
322.0027232170105,14688
322.6646559238434,14720
323.68127632141113,14752
323.71177554130554,14784
324.7477614879608,14816
325.25549960136414,14848
326.1728174686432,14880
326.36195707321167,14912
327.66926622390747,14944
328.041378736496,14976
328.75117778778076,15008
329.1833577156067,15040
330.1184103488922,15072
330.6883475780487,15104
331.0930881500244,15136
331.7341284751892,15168
332.4516484737396,15200
333.4747953414917,15232
333.8119342327118,15264
334.54155230522156,15296
334.95402574539185,15328
335.84491062164307,15360
336.31556510925293,15392
337.1150734424591,15424
337.34711241722107,15456
338.39938497543335,15488
338.75276231765747,15520
339.74815678596497,15552
340.0736653804779,15584
341.03094577789307,15616
341.46780037879944,15648
342.5205581188202,15680
342.6725506782532,15712
343.6702809333801,15744
344.01308822631836,15776
345.2614290714264,15808
345.54695868492126,15840
346.2770845890045,15872
346.74250388145447,15904
347.9366133213043,15936
348.23090267181396,15968
349.22191858291626,16000
349.5050401687622,16032
350.3727321624756,16064
350.5374140739441,16096
351.64475893974304,16128
352.00984048843384,16160
353.12843012809753,16192
353.2599096298218,16224
354.3232219219208,16256
354.61619329452515,16288
355.6857259273529,16320
355.99963903427124,16352
356.7761266231537,16384
356.9245128631592,16416
358.35651874542236,16448
358.51286244392395,16480
359.3977384567261,16512
359.71671319007874,16544
360.93566846847534,16576
360.973078250885,16608
361.89325976371765,16640
362.34414744377136,16672
363.317245721817,16704
363.51432847976685,16736
364.72968649864197,16768
365.06903886795044,16800
366.00651478767395,16832
366.19181966781616,16864
367.32302141189575,16896
367.7534327507019,16928
368.81988310813904,16960
368.85497403144836,16992
370.0265552997589,17024
370.2321512699127,17056
371.44486570358276,17088
371.64513325691223,17120
372.51571917533875,17152
372.9171919822693,17184
374.1368634700775,17216
374.20474767684937,17248
375.1982135772705,17280
375.58181643486023,17312
376.76371145248413,17344
376.9726619720459,17376
377.86769127845764,17408
378.1424105167389,17440
379.3728175163269,17472
379.4595890045166,17504
380.6705434322357,17536
380.8482530117035,17568
381.81653237342834,17600
381.91141176223755,17632
383.41121888160706,17664
383.7245388031006,17696
384.54834818840027,17728
384.76053738594055,17760
385.932186126709,17792
386.19140696525574,17824
387.1625292301178,17856
387.4673981666565,17888
388.54663825035095,17920
388.59736490249634,17952
389.74561166763306,17984
390.0130033493042,18016
391.0442132949829,18048
391.1512815952301,18080
392.34317898750305,18112
392.5792326927185,18144
393.71404218673706,18176
393.90828108787537,18208
395.10188722610474,18240
395.2205300331116,18272
396.6371648311615,18304
396.6473569869995,18336
397.79406571388245,18368
397.8525266647339,18400
399.22070837020874,18432
399.5288395881653,18464
400.61271619796753,18496
400.6442687511444,18528
401.9175052642822,18560
402.4360160827637,18592
403.24667954444885,18624
403.44440603256226,18656
404.60153794288635,18688
405.0529911518097,18720
405.9448289871216,18752
406.20649886131287,18784
407.1724579334259,18816
407.64157819747925,18848
408.5907852649689,18880
408.80980110168457,18912
409.83950424194336,18944
410.2860975265503,18976
411.24700021743774,19008
411.6876690387726,19040
412.5473268032074,19072
413.0561828613281,19104
413.91238141059875,19136
414.4728877544403,19168
415.1929187774658,19200
415.93939232826233,19232
416.5624451637268,19264
417.21298909187317,19296
417.87749886512756,19328
418.733273267746,19360
419.41920471191406,19392
419.62349128723145,19424
420.4099326133728,19456
421.38681650161743,19488
422.1090188026428,19520
422.37231707572937,19552
423.1019241809845,19584
423.6789245605469,19616
424.72524333000183,19648
425.14468693733215,19680
425.8028173446655,19712
426.19870376586914,19744
427.3629322052002,19776
427.7481198310852,19808
428.3624999523163,19840
428.93872928619385,19872
430.04097533226013,19904
430.22999262809753,19936
430.8604383468628,19968
431.4450407028198,20000
432.81895661354065,20032
432.933002948761,20064
433.5806484222412,20096
434.0010495185852,20128
435.2620630264282,20160
435.4214494228363,20192
436.3398678302765,20224
436.7359127998352,20256
437.85587072372437,20288
437.9174337387085,20320
438.88879013061523,20352
439.3744900226593,20384
440.4750783443451,20416
440.5388445854187,20448
441.4229338169098,20480
442.06951093673706,20512
443.15065002441406,20544
443.4402210712433,20576
444.08664655685425,20608
444.76524353027344,20640
445.59924244880676,20672
446.0226185321808,20704
446.5492203235626,20736
446.9776611328125,20768
448.2001144886017,20800
448.58919858932495,20832
449.34556126594543,20864
449.4537491798401,20896
450.69128036499023,20928
451.26924562454224,20960
452.133083820343,20992
452.2378673553467,21024
453.1257481575012,21056
453.704954624176,21088
454.83790826797485,21120
455.01731753349304,21152
455.75973176956177,21184
456.21026396751404,21216
457.39682960510254,21248
457.87045979499817,21280
458.4635982513428,21312
458.87774324417114,21344
459.747820854187,21376
460.2652213573456,21408
461.12843441963196,21440
461.7223904132843,21472
462.66267585754395,21504
463.0384433269501,21536
463.77223682403564,21568
464.63655829429626,21600
465.2939350605011,21632
465.8151376247406,21664
466.51184701919556,21696
467.0080554485321,21728
468.0084629058838,21760
468.2529981136322,21792
469.13280749320984,21824
469.7034182548523,21856
470.54909086227417,21888
470.8514847755432,21920
471.6522078514099,21952
472.3510730266571,21984
473.78408789634705,22016
473.91295886039734,22048
474.67005133628845,22080
475.2269380092621,22112
476.70138359069824,22144
476.87802362442017,22176
477.44738936424255,22208
478.0141851902008,22240
479.19375920295715,22272
479.3672046661377,22304
480.3284800052643,22336
480.6219003200531,22368
481.69920778274536,22400
481.92357873916626,22432
482.91419506073,22464
483.14572763442993,22496
484.1661231517792,22528
484.3654375076294,22560
485.5619237422943,22592
485.77284121513367,22624
486.877965927124,22656
487.06002020835876,22688
488.11656618118286,22720
488.3492386341095,22752
489.21740078926086,22784
489.76351857185364,22816
490.6957242488861,22848
491.1170268058777,22880
491.8664700984955,22912
492.13397336006165,22944
493.4781918525696,22976
493.70716524124146,23008
494.60299372673035,23040
494.8795487880707,23072
495.99225783348083,23104
496.3697929382324,23136
497.2438735961914,23168
497.58088994026184,23200
498.636981010437,23232
498.98195481300354,23264
500.02208065986633,23296
500.0890827178955,23328
501.22999835014343,23360
501.5097529888153,23392
502.6984601020813,23424
502.76358246803284,23456
503.81525921821594,23488
504.09438705444336,23520
505.19382095336914,23552
505.20064973831177,23584
506.53510785102844,23616
506.8350946903229,23648
507.7753791809082,23680
507.9378385543823,23712
509.1954369544983,23744
509.7107663154602,23776
510.6054003238678,23808
510.73309445381165,23840
511.6277289390564,23872
512.2674677371979,23904
513.2912511825562,23936
513.466481924057,23968
514.1989591121674,24000
515.0134153366089,24032
515.9025158882141,24064
516.4054863452911,24096
516.93532538414,24128
517.3305723667145,24160
518.4140100479126,24192
518.9437775611877,24224
519.9223301410675,24256
520.0336954593658,24288
520.9083502292633,24320
521.5229794979095,24352
522.5552792549133,24384
522.8466188907623,24416
523.454113483429,24448
524.3146531581879,24480
525.2337117195129,24512
525.8218183517456,24544
526.2674763202667,24576
527.1858158111572,24608
527.878511428833,24640
528.6060211658478,24672
528.7949657440186,24704
529.6739740371704,24736
530.5896096229553,24768
531.4599075317383,24800
531.5221936702728,24832
532.1950018405914,24864
532.8418872356415,24896
534.0405166149139,24928
534.0721251964569,24960
535.178181886673,24992
535.4920074939728,25024
536.5951156616211,25056
536.7528820037842,25088
537.8010673522949,25120
538.2786018848419,25152
539.3875706195831,25184
539.4903767108917,25216
540.3982038497925,25248
540.9563746452332,25280
541.923303604126,25312
542.2082417011261,25344
542.9780306816101,25376
543.5175974369049,25408
544.4168424606323,25440
544.6677641868591,25472
545.5318114757538,25504
546.2182221412659,25536
547.0253138542175,25568
547.2249612808228,25600
548.0047295093536,25632
548.6468114852905,25664
549.7658803462982,25696
549.915590763092,25728
550.6983947753906,25760
551.0919795036316,25792
552.1134181022644,25824
552.7636632919312,25856
553.586748123169,25888
553.7861089706421,25920
554.574830532074,25952
555.1260747909546,25984
556.2274930477142,26016
556.4065842628479,26048
557.2973165512085,26080
557.8681061267853,26112
558.7077741622925,26144
559.1266117095947,26176
560.1344292163849,26208
560.378723859787,26240
561.3769962787628,26272
561.7728750705719,26304
562.5021936893463,26336
563.0420603752136,26368
564.0478219985962,26400
564.360668182373,26432
565.0633859634399,26464
565.7327308654785,26496
566.6199908256531,26528
567.0850486755371,26560
567.7154719829559,26592
568.3775653839111,26624
569.2647762298584,26656
569.8486397266388,26688
570.3819813728333,26720
571.0692627429962,26752
571.6456563472748,26784
572.346399307251,26816
572.8371069431305,26848
573.8147838115692,26880
574.2011995315552,26912
575.126433134079,26944
575.3403861522675,26976
576.3935766220093,27008
576.5287318229675,27040
577.6215713024139,27072
577.7433679103851,27104
579.141809463501,27136
579.4183497428894,27168
580.4062356948853,27200
580.6653280258179,27232
581.6102604866028,27264
582.3036751747131,27296
583.3339283466339,27328
583.3920719623566,27360
584.4189665317535,27392
584.6136901378632,27424
586.3232889175415,27456
586.3482720851898,27488
587.3076024055481,27520
587.7117018699646,27552
588.9038889408112,27584
588.9082407951355,27616
589.9050185680389,27648
590.2537651062012,27680
591.5843968391418,27712
591.7622356414795,27744
592.8985941410065,27776
592.9490644931793,27808
594.2171895503998,27840
594.4958930015564,27872
595.540922164917,27904
595.6390283107758,27936
596.9100697040558,27968
597.1797699928284,28000
598.1222772598267,28032
598.257462978363,28064
599.5928497314453,28096
599.8405086994171,28128
600.808755159378,28160
600.8259675502777,28192
602.392776966095,28224
602.4805555343628,28256
603.3601953983307,28288
603.6026685237885,28320
604.9462487697601,28352
605.0127263069153,28384
605.9765701293945,28416
606.3781926631927,28448
607.5839688777924,28480
607.6671366691589,28512
608.5851023197174,28544
609.126621723175,28576
609.8224127292633,28608
610.0785653591156,28640
611.2278919219971,28672
611.7626769542694,28704
612.7133176326752,28736
612.7830653190613,28768
613.7700941562653,28800
614.2912333011627,28832
615.3224945068359,28864
615.4966604709625,28896
616.5446491241455,28928
616.8627371788025,28960
617.7536573410034,28992
618.1509366035461,29024
619.2160322666168,29056
619.6002068519592,29088
620.2753174304962,29120
620.822416305542,29152
621.7614483833313,29184
622.3790149688721,29216
623.0344846248627,29248
623.5544171333313,29280
624.2306814193726,29312
625.191782951355,29344
625.6810293197632,29376
626.1794991493225,29408
626.7086999416351,29440
627.6064102649689,29472
628.0886161327362,29504
628.9504516124725,29536
629.2377033233643,29568
630.2382645606995,29600
630.3598601818085,29632
631.6862690448761,29664
632.0205600261688,29696
632.982611656189,29728
633.1413865089417,29760
634.0036926269531,29792
634.5329718589783,29824
635.6702969074249,29856
635.7811517715454,29888
636.5860080718994,29920
636.9707901477814,29952
638.232577085495,29984
638.4487037658691,30016
639.3185589313507,30048
639.7258214950562,30080
640.6759593486786,30112
640.9426991939545,30144
641.8740549087524,30176
642.8370699882507,30208
643.4529309272766,30240
643.6320466995239,30272
644.4834377765656,30304
646.1110162734985,30336
646.2486016750336,30368
646.5850129127502,30400
647.3415830135345,30432
649.0233449935913,30464
649.3676452636719,30496
649.439656496048,30528
650.2660477161407,30560
651.4044027328491,30592
651.9281554222107,30624
652.2734234333038,30656
652.9067018032074,30688
653.7657916545868,30720
654.8211543560028,30752
654.8317093849182,30784
655.5882437229156,30816
656.3152878284454,30848
657.7779085636139,30880
657.8099775314331,30912
658.26429438591,30944
659.0969262123108,30976
660.5996525287628,31008
660.6863632202148,31040
661.1287767887115,31072
661.6053745746613,31104
663.1007685661316,31136
663.206948518753,31168
664.0456919670105,31200
664.5212922096252,31232
665.560807466507,31264
665.6722786426544,31296
666.6956315040588,31328
667.3820288181305,31360
668.2371907234192,31392
668.5188553333282,31424
669.15309715271,31456
669.8408677577972,31488
670.736852645874,31520
671.139036655426,31552
671.6768248081207,31584
672.536062002182,31616
673.6186368465424,31648
673.9270067214966,31680
674.3666617870331,31712
674.9047639369965,31744
676.1693255901337,31776
676.6336114406586,31808
677.0984017848969,31840
677.5081357955933,31872
678.4562273025513,31904
679.2915186882019,31936
679.8383636474609,31968
680.3218367099762,32000
681.0777132511139,32032
682.0762343406677,32064
682.4321761131287,32096
682.9116680622101,32128
683.4537243843079,32160
684.4969615936279,32192
684.9919533729553,32224
685.6131398677826,32256
686.1595430374146,32288
686.9682385921478,32320
687.3536810874939,32352
688.1803259849548,32384
688.8715353012085,32416
689.6522743701935,32448
689.9364256858826,32480
690.9277541637421,32512
691.4093527793884,32544
692.2851238250732,32576
692.3935527801514,32608
693.6338527202606,32640
693.8846204280853,32672
695.0344607830048,32704
695.1275794506073,32736
696.2332351207733,32768
696.5723009109497,32800
697.8159892559052,32832
697.8491363525391,32864
698.821177482605,32896
699.1450355052948,32928
700.5963199138641,32960
700.6453258991241,32992
701.730810880661,33024
702.0802271366119,33056
703.3031632900238,33088
703.4903726577759,33120
704.3548822402954,33152
705.0460557937622,33184
705.8580958843231,33216
706.1597497463226,33248
706.8720471858978,33280
707.5969378948212,33312
708.3969206809998,33344
708.8671429157257,33376
709.6439979076385,33408
710.4561269283295,33440
711.1037030220032,33472
711.5308647155762,33504
712.5197412967682,33536
713.3706207275391,33568
713.7199745178223,33600
714.0829544067383,33632
715.1923208236694,33664
716.2858769893646,33696
716.5470817089081,33728
716.9206409454346,33760
717.7151911258698,33792
718.9325611591339,33824
719.3795137405396,33856
719.6833548545837,33888
720.224137544632,33920
721.4645822048187,33952
722.2522552013397,33984
722.5586266517639,34016
722.888808965683,34048
723.7177050113678,34080
724.7284412384033,34112
725.124915599823,34144
725.551228761673,34176
726.2193489074707,34208
727.2835340499878,34240
727.7499499320984,34272
727.9378392696381,34304
728.7928907871246,34336
730.1849048137665,34368
730.352353811264,34400
730.548154592514,34432
731.3399367332458,34464
732.9244647026062,34496
733.071985244751,34528
733.4769008159637,34560
733.8623650074005,34592
735.3516929149628,34624
735.8159503936768,34656
736.1612682342529,34688
736.6746611595154,34720
737.6517796516418,34752
738.6386475563049,34784
738.8745889663696,34816
739.3277270793915,34848
740.2428462505341,34880
741.1808414459229,34912
741.3589715957642,34944
741.9938254356384,34976
742.7059898376465,35008
743.7302782535553,35040
744.2107982635498,35072
744.6393370628357,35104
745.3300559520721,35136
746.0837199687958,35168
746.8647615909576,35200
747.1910724639893,35232
748.0991525650024,35264
748.5966002941132,35296
749.4206042289734,35328
749.5321531295776,35360
750.5658133029938,35392
751.0481691360474,35424
752.0665345191956,35456
752.2016906738281,35488
753.0899386405945,35520
753.8418319225311,35552
754.5787255764008,35584
754.6549618244171,35616
755.5975775718689,35648
756.3232226371765,35680
757.0684945583344,35712
757.2804002761841,35744
758.1513161659241,35776
758.8182346820831,35808
759.7083034515381,35840
760.2060332298279,35872
760.8334655761719,35904
761.3205230236053,35936
762.3114910125732,35968
762.9402000904083,36000
763.7441689968109,36032
764.0895798206329,36064
765.2050721645355,36096
765.4479582309723,36128
766.5835530757904,36160
766.9495511054993,36192
768.1599342823029,36224
768.4152376651764,36256
769.3159191608429,36288
769.9850327968597,36320
770.6384034156799,36352
771.3513927459717,36384
772.0696957111359,36416
772.5186562538147,36448
773.478542804718,36480
774.0336909294128,36512
774.8182566165924,36544
775.1688978672028,36576
776.1947205066681,36608
776.6626396179199,36640
777.5350329875946,36672
777.7664549350739,36704
779.0091848373413,36736
779.4678635597229,36768
780.2404453754425,36800
780.4043726921082,36832
781.7409319877625,36864
782.2292580604553,36896
782.9890015125275,36928
783.161137342453,36960
784.1204521656036,36992
784.4915127754211,37024
785.6069519519806,37056
785.7859206199646,37088
786.7058877944946,37120
786.8962664604187,37152
788.1972262859344,37184
788.5004413127899,37216
789.4264421463013,37248
789.5219392776489,37280
790.5114243030548,37312
791.3271968364716,37344
792.0333383083344,37376
792.4071869850159,37408
793.2302663326263,37440
793.7047362327576,37472
794.4839332103729,37504
794.8562862873077,37536
795.8385589122772,37568
796.4252619743347,37600
797.1832904815674,37632
797.5754692554474,37664
798.0779259204865,37696
799.0057716369629,37728
799.7976133823395,37760
800.2385497093201,37792
800.4752361774445,37824
801.4848480224609,37856
802.3375728130341,37888
802.9147050380707,37920
802.959165096283,37952
803.8275547027588,37984
804.7585916519165,38016
805.681676864624,38048
805.7024736404419,38080
806.3724918365479,38112
807.4211757183075,38144
808.5438160896301,38176
808.566023349762,38208
809.0907266139984,38240
809.8406453132629,38272
811.2112264633179,38304
811.2590041160583,38336
811.9533486366272,38368
812.3982512950897,38400
813.5125322341919,38432
813.9785387516022,38464
814.6458127498627,38496
814.9588208198547,38528
815.8221535682678,38560
816.6497242450714,38592
817.3246903419495,38624
817.6631500720978,38656
818.4195785522461,38688
819.0785257816315,38720
819.8317141532898,38752
820.4691288471222,38784
821.0693538188934,38816
821.8621299266815,38848
822.4194223880768,38880
823.0880427360535,38912
823.9953639507294,38944
824.7627019882202,38976
825.0746223926544,39008
825.6481080055237,39040
826.5328092575073,39072
827.3579850196838,39104
828.0572609901428,39136
829.4752798080444,39168
829.515260219574,39200
830.0258228778839,39232
830.4767136573792,39264
832.2547101974487,39296
832.3081474304199,39328
833.0156116485596,39360
833.2383015155792,39392
834.7797114849091,39424
834.8376131057739,39456
835.938836812973,39488
835.9978115558624,39520
837.4762055873871,39552
837.5744595527649,39584
838.8288757801056,39616
838.8926448822021,39648
840.1909599304199,39680
840.4216728210449,39712
841.5172023773193,39744
841.7915687561035,39776
842.7641487121582,39808
843.1477928161621,39840
844.3016459941864,39872
844.4787473678589,39904
845.4151227474213,39936
845.6578810214996,39968
846.8949010372162,40000
847.2763133049011,40032
848.133918762207,40064
848.5854978561401,40096
849.5440318584442,40128
850.0178182125092,40160
850.7370879650116,40192
851.2328860759735,40224
852.1470079421997,40256
852.7499663829803,40288
853.6038236618042,40320
853.8535182476044,40352
854.6189956665039,40384
855.236841917038,40416
855.9783086776733,40448
856.402911901474,40480
857.4031991958618,40512
857.8021371364594,40544
858.6233322620392,40576
858.8929765224457,40608
859.9681448936462,40640
860.7682201862335,40672
861.2877140045166,40704
861.5038056373596,40736
862.5220086574554,40768
863.3862240314484,40800
863.8880236148834,40832
864.3159234523773,40864
864.8963935375214,40896
865.8229365348816,40928
866.3968031406403,40960
867.1962265968323,40992
867.5621399879456,41024
868.2403388023376,41056
868.9185183048248,41088
869.8328926563263,41120
870.4252800941467,41152
870.8063695430756,41184
871.2530941963196,41216
872.3153121471405,41248
873.1810946464539,41280
873.8019032478333,41312
873.825751543045,41344
874.7101702690125,41376
875.6733939647675,41408
876.5104105472565,41440
876.7335422039032,41472
877.255167722702,41504
878.4107427597046,41536
879.3937213420868,41568
879.6036531925201,41600
879.9945089817047,41632
880.8710598945618,41664
882.2311809062958,41696
882.4172339439392,41728
882.7314093112946,41760
883.4200320243835,41792
884.8729059696198,41824
885.0535049438477,41856
885.2876162528992,41888
886.2676177024841,41920
887.5487544536591,41952
888.1435239315033,41984
888.5537989139557,42016
889.0837080478668,42048
890.1025958061218,42080
890.8351237773895,42112
891.7747483253479,42144
891.8589198589325,42176
892.7965333461761,42208
893.5707287788391,42240
894.490061044693,42272
894.5974743366241,42304
895.3280432224274,42336
896.3421001434326,42368
897.3299236297607,42400
897.4243819713593,42432
898.1072463989258,42464
898.7568917274475,42496
900.2134494781494,42528
900.474844455719,42560
900.9430944919586,42592
901.2653970718384,42624
902.6310272216797,42656
903.0012953281403,42688
903.8465371131897,42720
904.1845099925995,42752
905.3734755516052,42784
905.5473668575287,42816
906.3657817840576,42848
906.8849263191223,42880
907.9716186523438,42912
908.399612903595,42944
909.0891878604889,42976
909.5398817062378,43008
910.4957370758057,43040
911.0395953655243,43072
911.6213324069977,43104
912.438672542572,43136
912.9301369190216,43168
913.7723445892334,43200
914.1143045425415,43232
914.999035358429,43264
915.3722834587097,43296
916.5507066249847,43328
916.8124086856842,43360
917.6414635181427,43392
917.8468210697174,43424
918.9362995624542,43456
919.3614094257355,43488
920.5184593200684,43520
920.6185147762299,43552
921.5751068592072,43584
922.0487959384918,43616
923.0008563995361,43648
923.2450273036957,43680
924.413405418396,43712
924.6549370288849,43744
925.5589332580566,43776
925.9350800514221,43808
926.8497121334076,43840
927.2543756961823,43872
928.1171219348907,43904
928.4563174247742,43936
929.451896905899,43968
929.7612252235413,44000
930.7975506782532,44032
930.9386367797852,44064
931.9212369918823,44096
932.6073198318481,44128
933.4773211479187,44160
933.6568801403046,44192
934.5056335926056,44224
935.3516623973846,44256
936.0965347290039,44288
936.2091455459595,44320
937.0061357021332,44352
937.9633297920227,44384
938.9955942630768,44416
939.0110139846802,44448
939.8775269985199,44480
940.5928068161011,44512
941.6229441165924,44544
941.6835851669312,44576
942.5631952285767,44608
942.9901828765869,44640
944.3231840133667,44672
944.3972578048706,44704
945.4347217082977,44736
945.6665844917297,44768
946.9949252605438,44800
947.2083761692047,44832
948.5085248947144,44864
948.6704578399658,44896
949.6303894519806,44928
949.7220461368561,44960
951.2786457538605,44992
951.3469874858856,45024
952.3524632453918,45056
952.5764055252075,45088
953.986419916153,45120
954.0688779354095,45152
955.1390156745911,45184
955.6403474807739,45216
956.6612923145294,45248
956.9020557403564,45280
957.814756155014,45312
958.3265807628632,45344
959.3757722377777,45376
959.468879699707,45408
960.6626906394958,45440
960.8571035861969,45472
961.8484756946564,45504
962.041286945343,45536
963.4738309383392,45568
963.7793250083923,45600
964.630040884018,45632
964.8230412006378,45664
966.0955619812012,45696
966.993134021759,45728
967.2807092666626,45760
967.7031495571136,45792
968.7423028945923,45824
969.6971457004547,45856
970.4462294578552,45888
970.4962618350983,45920
971.3500072956085,45952
972.7384815216064,45984
973.5187849998474,46016
973.5235257148743,46048
974.1876647472382,46080
975.3879973888397,46112
976.2931559085846,46144
976.5305123329163,46176
977.0727741718292,46208
977.5182859897614,46240
978.9742064476013,46272
979.3420240879059,46304
979.9283154010773,46336
980.2791090011597,46368
981.3325526714325,46400
981.8229248523712,46432
982.5020897388458,46464
983.0269291400909,46496
984.0569634437561,46528
984.5377924442291,46560
985.165186882019,46592
985.3366119861603,46624
986.4611141681671,46656
987.2085204124451,46688
987.9542329311371,46720
988.0711517333984,46752
988.959034204483,46784
989.8597447872162,46816
990.5868813991547,46848
990.7620584964752,46880
991.4524495601654,46912
992.1852338314056,46944
993.4608614444733,46976
993.5921211242676,47008
994.3174130916595,47040
994.6617319583893,47072
995.885293006897,47104
996.324066400528,47136
996.9848306179047,47168
997.3313953876495,47200
998.7805666923523,47232
999.0254781246185,47264
999.7399952411652,47296
1000.0939610004425,47328
1001.2759029865265,47360
1001.6997721195221,47392
1002.4163517951965,47424
1002.7981324195862,47456
1003.8230817317963,47488
1004.3942654132843,47520
1005.2040455341339,47552
1005.3186073303223,47584
1006.2604556083679,47616
1006.8749663829803,47648
1007.9624266624451,47680
1008.1299271583557,47712
1009.0220787525177,47744
1010.0823667049408,47776
1010.9453446865082,47808
1011.1936221122742,47840
1011.7619063854218,47872
1012.4633955955505,47904
1013.6022140979767,47936
1014.055202960968,47968
1014.779866695404,48000
1015.4119515419006,48032
1016.2593467235565,48064
1016.8070480823517,48096
1017.6391162872314,48128
1018.1912231445312,48160
1018.9365417957306,48192
1019.6537067890167,48224
1020.3591940402985,48256
1020.7090590000153,48288
1021.3968431949615,48320
1022.3315691947937,48352
1023.1478409767151,48384
1023.4046125411987,48416
1024.0036509037018,48448
1024.5364677906036,48480
1025.5347771644592,48512
1026.1327576637268,48544
1026.871307849884,48576
1027.3501031398773,48608
1028.1102719306946,48640
1029.3135886192322,48672
1029.7386317253113,48704
1030.2628519535065,48736
1030.8449919223785,48768
1032.1036088466644,48800
1032.4613888263702,48832
1033.0603985786438,48864
1033.5543744564056,48896
1034.5460658073425,48928
1035.16694521904,48960
1035.775895357132,48992
1036.300553560257,49024
1036.8788216114044,49056
1037.6963465213776,49088
1038.3677887916565,49120
1038.8375849723816,49152
1039.6318359375,49184
1040.2523663043976,49216
1041.0932989120483,49248
1041.3438289165497,49280
1042.5083038806915,49312
1042.8958370685577,49344
1043.7095229625702,49376
1044.0789856910706,49408
1045.0782725811005,49440
1045.5135111808777,49472
1046.2252931594849,49504
1046.6716837882996,49536
1047.5888311862946,49568
1048.099353313446,49600
1048.9419627189636,49632
1049.3836514949799,49664
1050.388083934784,49696
1050.6290502548218,49728
1051.5701112747192,49760
1051.794418334961,49792
1053.2317039966583,49824
1053.245577096939,49856
1054.0951166152954,49888
1054.3747806549072,49920
1055.8162338733673,49952
1056.0233993530273,49984
1056.7943785190582,50016
1057.1343123912811,50048
1058.4210422039032,50080
1058.655725479126,50112
1059.3440907001495,50144
1059.6947212219238,50176
1060.9846460819244,50208
1061.3725242614746,50240
1062.068516254425,50272
1062.5681471824646,50304
1063.7219681739807,50336
1064.1309156417847,50368
1064.7008543014526,50400
1065.2275347709656,50432
1066.71200633049,50464
1066.8036181926727,50496
1067.596935749054,50528
1067.8578398227692,50560
1069.3518135547638,50592
1069.61789894104,50624
1070.3833374977112,50656
1070.5546634197235,50688
1072.243049621582,50720
1072.301741361618,50752
1073.3120579719543,50784
1073.3975758552551,50816
1075.1378202438354,50848
1075.706857919693,50880
1076.0681898593903,50912
1076.3936166763306,50944
1077.6380932331085,50976
1078.5549130439758,51008
1079.0786080360413,51040
1079.0892124176025,51072
1080.250828742981,51104
1081.1803212165833,51136
1081.7593536376953,51168
1081.8682930469513,51200
1083.0153999328613,51232
1083.6937305927277,51264
1084.5042896270752,51296
1084.6567826271057,51328
1085.5759682655334,51360
1086.2982699871063,51392
1087.3400869369507,51424
1087.3716566562653,51456
1088.141547203064,51488
1088.9170739650726,51520
1089.8323950767517,51552
1090.1095786094666,51584
1090.9939777851105,51616
1091.5919964313507,51648
1092.4396274089813,51680
1093.0321350097656,51712
1093.7006776332855,51744
1094.395559310913,51776
1095.1465723514557,51808
1095.5087895393372,51840
1096.214686870575,51872
1097.143079996109,51904
1097.6676926612854,51936
1098.3028478622437,51968
1098.546401977539,52000
1099.9483318328857,52032
1100.744856595993,52064
1101.0267384052277,52096
1101.3985247612,52128
1102.5411727428436,52160
1103.1881358623505,52192
1103.9348104000092,52224
1104.100191116333,52256
1105.865066766739,52288
1106.642861366272,52320
1106.765132188797,52352
1108.8669321537018,52384
1109.524257183075,52416
1109.5770859718323,52448
1111.6683571338654,52480
1112.387520313263,52512
1112.5176763534546,52544
1114.2845385074615,52576
1115.0884518623352,52608
1115.3364660739899,52640
1117.2248165607452,52672
1117.9769151210785,52704
1118.3718855381012,52736
1119.849629163742,52768
1120.7092459201813,52800
1121.2220106124878,52832
1122.4301574230194,52864
1122.6941058635712,52896
1123.4211661815643,52928
1124.177362203598,52960
1125.0064225196838,52992
1125.9917073249817,53024
1126.2814762592316,53056
1126.9556188583374,53088
1127.4519929885864,53120
1128.7359364032745,53152
1128.8113498687744,53184
1129.7386960983276,53216
1130.3599662780762,53248
1131.4270339012146,53280
1131.4516141414642,53312
1132.515077829361,53344
1133.0175697803497,53376
1134.1799771785736,53408
1134.2499067783356,53440
1135.3004117012024,53472
1135.9542925357819,53504
1136.881376504898,53536
1137.0316014289856,53568
1137.9582142829895,53600
1138.647824048996,53632
1139.7010025978088,53664
1139.7702984809875,53696
1140.478895664215,53728
1141.099718093872,53760
1142.1817762851715,53792
1142.7724349498749,53824
1143.28520154953,53856
1143.6551718711853,53888
1144.7298312187195,53920
1145.34681558609,53952
1146.1611642837524,53984
1146.4355113506317,54016
1147.469708442688,54048
1147.8027746677399,54080
1148.9896643161774,54112
1149.1322886943817,54144
1150.269847869873,54176
1150.5875780582428,54208
1152.0086240768433,54240
1152.0464119911194,54272
1152.9314587116241,54304
1154.08371758461,54336
1154.5426008701324,54368
1154.802239894867,54400
1155.4097678661346,54432
1157.0327093601227,54464
1157.4437563419342,54496
1157.6020488739014,54528
1158.0491993427277,54560
1159.9001395702362,54592
1160.4598145484924,54624
1160.8521735668182,54656
1161.0036597251892,54688
1162.5266909599304,54720
1163.0849931240082,54752
1163.500141620636,54784
1164.2802810668945,54816
1165.053096294403,54848
1165.7733361721039,54880
1166.1776356697083,54912
1167.084914445877,54944
1167.5777530670166,54976
1168.566504240036,55008
1168.852537870407,55040
1170.104568719864,55072
1170.3271498680115,55104
1171.2752976417542,55136
1171.4318509101868,55168
1172.6429216861725,55200
1173.120582818985,55232
1174.0049240589142,55264
1174.0378258228302,55296
1175.1186621189117,55328
1176.228583574295,55360
1176.7368142604828,55392
1176.8557968139648,55424
1177.9375257492065,55456
1179.0880763530731,55488
1179.597942829132,55520
1179.8232700824738,55552
1180.5231425762177,55584
1182.1541872024536,55616
1182.1591622829437,55648
1182.5339004993439,55680
1183.1021013259888,55712
1184.7663009166718,55744
1185.276661157608,55776
1185.4131321907043,55808
1185.8756034374237,55840
1187.1111075878143,55872
1187.8501398563385,55904
1188.5802638530731,55936
1188.6670670509338,55968
1189.7369139194489,56000
1190.2524390220642,56032
1191.2617509365082,56064
1191.523116350174,56096
1192.509122133255,56128
1193.3901252746582,56160
1193.9000434875488,56192
1194.3941712379456,56224
1194.860913991928,56256
1196.1916143894196,56288
1196.7009654045105,56320
1197.501139640808,56352
1197.622177362442,56384
1198.9492774009705,56416
1199.3762555122375,56448
1200.3561034202576,56480
1200.5040237903595,56512
1202.0211081504822,56544
1202.1663963794708,56576
1202.96373295784,56608
1203.626315832138,56640
1204.5979690551758,56672
1205.3840429782867,56704
1205.6600499153137,56736
1206.4281289577484,56768
1207.1498906612396,56800
1208.1816682815552,56832
1208.3292801380157,56864
1209.378942489624,56896
1209.6194438934326,56928
1210.8112030029297,56960
1211.4204802513123,56992
1211.952008485794,57024
1212.1182084083557,57056
1213.1747307777405,57088
1214.4061396121979,57120
1214.618869304657,57152
1215.2936391830444,57184
1215.675166130066,57216
1216.8292031288147,57248
1217.59419631958,57280
1218.171957731247,57312
1218.4415037631989,57344
1219.1699254512787,57376
1220.428066253662,57408
1221.3157184123993,57440
1221.645740032196,57472
1221.7345249652863,57504
1222.562409877777,57536
1223.8625710010529,57568
1224.8538467884064,57600
1225.0799260139465,57632
1225.1094751358032,57664
1226.1236882209778,57696
1227.6494793891907,57728
1228.4827296733856,57760
1228.6007611751556,57792
1228.7046270370483,57824
1229.7397758960724,57856
1231.158701658249,57888
1231.6095201969147,57920
1232.238196849823,57952
1232.4791977405548,57984
1233.1620020866394,58016
1234.6350800991058,58048
1234.8670258522034,58080
1235.4973509311676,58112
1236.1706697940826,58144
1236.99041223526,58176
1238.0261898040771,58208
1238.0996055603027,58240
1239.3314344882965,58272
1239.8794839382172,58304
1240.930279493332,58336
1241.6237151622772,58368
1241.6952159404755,58400
1243.2474911212921,58432
1243.4425013065338,58464
1244.217265844345,58496
1244.7801156044006,58528
1245.9366071224213,58560
1246.8936982154846,58592
1247.5733425617218,58624
1247.6265456676483,58656
1248.5410075187683,58688
1249.85933303833,58720
1250.6847085952759,58752
1250.925014257431,58784
1251.322144985199,58816
1253.2169032096863,58848
1253.6067280769348,58880
1253.6311683654785,58912
1255.433179140091,58944
1256.1172323226929,58976
1256.728353023529,59008
1257.1459488868713,59040
1258.4178793430328,59072
1258.960382938385,59104
1259.7281653881073,59136
1260.738862991333,59168
1261.0291585922241,59200
1262.5577297210693,59232
1262.7624254226685,59264
1263.3044838905334,59296
1264.6591203212738,59328
1265.6716537475586,59360
1265.9590847492218,59392
1266.2816262245178,59424
1267.9377648830414,59456
1268.0160620212555,59488
1268.9968643188477,59520
1269.6904389858246,59552
1270.285567998886,59584
1271.6802911758423,59616
1271.8913836479187,59648
1272.6478080749512,59680
1273.2531039714813,59712
1274.5956048965454,59744
1275.117767572403,59776
1275.1674661636353,59808
1276.8228659629822,59840
1277.3601875305176,59872
1277.6360518932343,59904
1278.6972744464874,59936
1279.893533706665,59968
1280.2948756217957,60000
1280.7937424182892,60032
1282.4787421226501,60064
1282.5705635547638,60096
1282.9831187725067,60128
1283.9300665855408,60160
1285.0947933197021,60192
1285.875919342041,60224
1286.1976363658905,60256
1287.3471071720123,60288
1287.43554520607,60320
1288.9352667331696,60352
1289.700259923935,60384
1290.037227153778,60416
1291.437976360321,60448
1291.8501944541931,60480
1292.6642470359802,60512
1293.221896648407,60544
1294.5707123279572,60576
1295.1572873592377,60608
1295.455599784851,60640
1296.577306985855,60672
1297.3668329715729,60704
1297.8256690502167,60736
1299.6493463516235,60768
1300.2090861797333,60800
1300.929604291916,60832
1302.7661199569702,60864
1302.8130595684052,60896
1302.895872592926,60928
1303.3578805923462,60960
1305.5304424762726,60992
1306.0934038162231,61024
1306.1299719810486,61056
1308.2852914333344,61088
1309.0136532783508,61120
1309.6529364585876,61152
1310.3209698200226,61184
1311.0749373435974,61216
1311.3976469039917,61248
1312.756268978119,61280
1313.8318893909454,61312
1313.889176607132,61344
1316.1983103752136,61376
1316.7622220516205,61408
1316.964084148407,61440
1318.4711301326752,61472
1319.555850982666,61504
1319.667606830597,61536
1319.835035085678,61568
1322.6273024082184,61600
1322.7459964752197,61632
1322.7739522457123,61664
1324.1212840080261,61696
1325.3109848499298,61728
1325.3376505374908,61760
1326.1716892719269,61792
1328.047248840332,61824
1328.2945351600647,61856
1329.2621059417725,61888
1330.3871748447418,61920
1330.5294516086578,61952
1331.1371693611145,61984
1332.3672862052917,62016
1333.0599269866943,62048
1333.9524538516998,62080
1335.6757383346558,62112
1335.6837491989136,62144
1336.7204751968384,62176
1336.7965064048767,62208
1338.2668931484222,62240
1338.7528545856476,62272
1339.8670074939728,62304
1340.8730473518372,62336
1341.9317111968994,62368
1342.0023319721222,62400
1342.8019151687622,62432
1343.306598186493,62464
1344.6039156913757,62496
1345.9675352573395,62528
1346.0135717391968,62560
1347.3204588890076,62592
1347.4007585048676,62624
1348.9968786239624,62656
1349.3208577632904,62688
1350.492828130722,62720
1352.1139209270477,62752
1352.6501505374908,62784
1353.593605041504,62816
1353.783826828003,62848
1355.26877951622,62880
1357.3842642307281,62912
1358.3406054973602,62944
1358.4653515815735,62976
1359.007770061493,63008
1360.7047612667084,63040
1361.594911813736,63072
1364.6710894107819,63104
1364.9942724704742,63136
1367.0611236095428,63168
1367.9383075237274,63200
1369.8501036167145,63232
1370.9196319580078,63264
1371.5935754776,63296
1373.9600286483765,63328
1377.0175302028656,63360
1377.341740846634,63392
1377.9396061897278,63424
1379.009741783142,63456
1380.3459584712982,63488
1383.2937273979187,63520
1383.333395242691,63552
1384.8509712219238,63584
1386.4507768154144,63616
1387.1062285900116,63648
1389.3503925800323,63680
1389.7733490467072,63712
1392.5998890399933,63744
1392.6706192493439,63776
1395.1139461994171,63808
1395.731633424759,63840
1396.5661742687225,63872
1400.8710370063782,63904
1401.2388234138489,63936
1403.644010066986,63968
1407.0095040798187,64000
1408.2613847255707,64032
1411.6020052433014,64064
1412.7638635635376,64096
1417.0556991100311,64128
1419.0735166072845,64160
1420.266141653061,64192
1423.6578953266144,64224
1427.4627771377563,64256
1431.3750324249268,64288
1434.6782069206238,64320
1438.0821204185486,64352
1441.5953645706177,64384
1444.8907372951508,64416
1448.3096151351929,64448
1452.1975073814392,64480
1458.8075287342072,64512
