time_from_start,number_of_rows_finished
0,0
19.056098699569702,32
19.486570119857788,64
19.704715728759766,96
20.077885627746582,128
20.084119081497192,160
20.528897285461426,192
20.716153144836426,224
21.042038202285767,234
21.145362854003906,266
21.181450366973877,298
21.428494215011597,305
21.5766019821167,309
21.578394174575806,341
21.603139638900757,351
21.691267013549805,354
21.94802761077881,361
22.126529932022095,393
22.484464406967163,403
22.618449926376343,435
22.65525531768799,467
22.72803521156311,470
22.86019539833069,480
22.994537353515625,490
23.012858390808105,522
23.079195976257324,532
23.356969118118286,542
23.75326132774353,552
24.029531717300415,584
24.164555072784424,616
24.374318599700928,626
24.550527572631836,658
24.823261260986328,690
25.167482137680054,722
25.524411916732788,754
25.525808334350586,765
25.581175565719604,797
25.85712242126465,829
25.86134624481201,839
25.878013610839844,849
25.97419309616089,861
26.256029844284058,873
26.34634280204773,883
26.911295890808105,915
26.94567608833313,947
27.120723247528076,953
27.301464080810547,963
27.325353384017944,995
27.403928995132446,1027
27.660428524017334,1037
27.672911405563354,1047
27.732796907424927,1057
28.21994972229004,1089
28.42029905319214,1095
28.706708908081055,1127
28.70696759223938,1159
29.03335928916931,1169
29.033435344696045,1179
29.370952129364014,1189
29.551695823669434,1221
29.62541365623474,1223
30.744633674621582,1255
30.820353746414185,1257
30.926527500152588,1289
31.288177013397217,1321
31.377413511276245,1353
31.984062433242798,1385
32.01142907142639,1417
32.11740064620972,1421
32.34248757362366,1453
32.417415380477905,1485
32.42169213294983,1498
32.462198972702026,1499
32.69578957557678,1510
32.776313066482544,1512
32.88184332847595,1525
33.151865005493164,1557
33.23511815071106,1559
33.669472217559814,1571
33.807231187820435,1603
34.16003894805908,1613
34.51997756958008,1645
34.78881883621216,1677
34.86439323425293,1687
35.084028482437134,1719
35.12961220741272,1729
35.41657090187073,1739
35.93264937400818,1771
36.294201135635376,1781
36.37412405014038,1813
36.6598858833313,1845
36.79338598251343,1858
36.886338233947754,1890
37.00442314147949,1900
37.271934032440186,1912
37.314916372299194,1944
37.64078426361084,1954
38.08405041694641,1986
38.18417716026306,1988
38.67931580543518,2020
38.70746994018555,2052
39.06036615371704,2084
39.230660915374756,2116
39.641908168792725,2129
39.68219828605652,2161
39.696226358413696,2193
40.014201164245605,2203
40.055503845214844,2204
40.08781599998474,2236
40.105595111846924,2249
40.658562898635864,2281
40.705127239227295,2293
40.706024169921875,2303
41.077526807785034,2316
41.71381735801697,2348
41.777915954589844,2380
41.80924654006958,2412
42.10588598251343,2444
42.42515468597412,2454
42.711442947387695,2486
42.786497831344604,2518
42.83496952056885,2550
42.86596894264221,2552
43.06223511695862,2563
43.21260952949524,2573
43.25962424278259,2586
43.40550708770752,2596
43.617615938186646,2606
43.99383902549744,2638
44.3983416557312,2649
44.65514540672302,2681
44.70771789550781,2713
45.07448935508728,2745
45.09664535522461,2758
45.40546131134033,2790
45.69983887672424,2798
45.744361877441406,2830
45.786324977874756,2831
46.092100858688354,2863
46.11368775367737,2895
46.27704620361328,2900
46.410367488861084,2910
46.63531041145325,2921
46.71836495399475,2953
46.79948139190674,2985
46.81735825538635,2987
47.12357711791992,2997
47.4567654132843,3007
47.5918755531311,3039
47.80552005767822,3071
48.01268982887268,3103
48.497652769088745,3135
48.64027523994446,3167
48.816927671432495,3199
48.85668444633484,3200
48.9689359664917,3210
49.01951193809509,3242
49.169764041900635,3252
49.3437442779541,3262
49.39102578163147,3275
49.51687431335449,3307
49.66774320602417,3317
49.93540668487549,3330
50.35312628746033,3343
50.73827505111694,3375
50.87246894836426,3407
51.08762073516846,3417
51.10275316238403,3449
51.31294393539429,3462
51.44345140457153,3472
51.92183232307434,3504
52.39511680603027,3517
52.466632604599,3549
52.55900955200195,3581
52.607155084609985,3613
53.40402960777283,3645
53.48115873336792,3677
53.5718891620636,3709
53.59368062019348,3741
53.64636754989624,3743
53.80143189430237,3753
53.90751671791077,3763
53.975911140441895,3765
54.15307378768921,3776
54.4128098487854,3808
54.67087197303772,3840
54.74365758895874,3842
54.82974600791931,3855
54.906813859939575,3857
55.184590101242065,3870
55.51665806770325,3902
55.743983030319214,3909
55.851027727127075,3941
55.945379972457886,3973
56.17678499221802,3983
56.235175132751465,3992
56.74512505531311,4024
56.881309270858765,4028
56.989606618881226,4060
57.31163001060486,4070
58.015355825424194,4102
58.03570199012756,4134
58.56116580963135,4166
58.61284875869751,4198
58.840735912323,4205
59.02980017662048,4237
59.03432750701904,4269
59.13403558731079,4272
59.1666955947876,4276
59.419191122055054,4284
59.56498861312866,4316
59.763352394104004,4322
60.07903218269348,4332
60.77115559577942,4364
61.03758096694946,4396
61.065125942230225,4405
61.09162473678589,4437
61.23336362838745,4443
61.41783118247986,4453
61.60840702056885,4485
61.92471671104431,4495
62.876670360565186,4527
62.98943328857422,4559
63.07995390892029,4591
63.09218382835388,4623
63.24747824668884,4631
63.47601532936096,4643
63.876561880111694,4675
64.2060718536377,4685
64.53969025611877,4695
64.97632503509521,4727
65.06522536277771,4759
65.30077576637268,4769
65.48673868179321,4782
65.5248920917511,4814
65.80985736846924,4823
66.11145973205566,4855
66.31679034233093,4887
66.44908809661865,4891
66.52499794960022,4904
67.15138030052185,4936
67.1863055229187,4968
67.22107529640198,4970
67.25590252876282,4972
67.52817416191101,5004
67.94284391403198,5017
68.51515412330627,5049
68.60606122016907,5081
68.67637252807617,5083
68.87321615219116,5093
68.9027419090271,5125
69.36271643638611,5138
69.80961489677429,5170
69.99444246292114,5202
70.14794158935547,5212
70.35450863838196,5244
70.40369987487793,5257
70.73309206962585,5269
71.01084542274475,5301
71.14534950256348,5333
71.46365857124329,5343
72.10077977180481,5375
72.15241694450378,5407
72.41203832626343,5439
72.44000935554504,5448
72.45695662498474,5459
72.48982763290405,5461
72.91176056861877,5493
73.31983304023743,5506
73.46631598472595,5538
73.78613996505737,5548
74.24531698226929,5580
74.28562355041504,5612
74.56090235710144,5622
74.60725808143616,5632
75.00984525680542,5664
75.08058595657349,5666
75.46590518951416,5698
75.79402995109558,5708
76.46232652664185,5740
76.4984540939331,5772
76.66323399543762,5777
76.80377197265625,5809
76.8719048500061,5841
76.87458038330078,5854
76.96996808052063,5859
77.87253189086914,5891
78.25487065315247,5903
78.51081085205078,5935
78.61420607566833,5938
78.86115026473999,5970
79.19109797477722,5980
79.31814312934875,6012
79.64093232154846,6022
80.22694396972656,6054
80.23028945922852,6086
80.39902186393738,6091
80.54697108268738,6101
80.99833607673645,6133
81.35229754447937,6144
81.57108855247498,6176
81.8960599899292,6186
82.06782674789429,6218
82.39776158332825,6228
82.60349130630493,6260
82.79678106307983,6266
82.91666674613953,6298
83.10706973075867,6330
83.29228973388672,6342
83.52509093284607,6355
84.12491083145142,6387
84.24179792404175,6419
84.53407287597656,6451
84.54479146003723,6483
84.57493185997009,6484
84.85794806480408,6494
85.13889527320862,6526
85.26581716537476,6558
85.5578408241272,6571
85.5921196937561,6581
85.92132139205933,6591
85.97798490524292,6604
86.45132040977478,6636
86.64481711387634,6642
86.92510485649109,6674
87.298663854599,6685
87.3672571182251,6717
87.37485575675964,6749
87.5669333934784,6755
87.81207394599915,6768
87.99479794502258,6800
88.30607342720032,6832
88.3214852809906,6842
88.83643746376038,6874
89.00596046447754,6906
89.32802534103394,6938
89.6047089099884,6970
89.83421468734741,7002
90.01407814025879,7015
90.04239392280579,7047
90.24017143249512,7060
90.36515307426453,7070
90.55880331993103,7080
90.62120342254639,7088
90.8512315750122,7120
91.19156527519226,7130
91.31994724273682,7162
91.62461352348328,7194
91.9138617515564,7226
91.96216940879822,7236
92.01890516281128,7239
92.21074843406677,7271
92.40513300895691,7303
92.47481751441956,7305
92.5372805595398,7315
92.54458904266357,7317
92.96850156784058,7349
93.0522346496582,7381
93.37553358078003,7391
93.73793029785156,7423
93.97568964958191,7455
94.12499976158142,7467
94.21640276908875,7499
94.38492918014526,7512
94.3855345249176,7544
94.62934041023254,7557
94.7041585445404,7567
94.78913426399231,7580
95.28081917762756,7612
95.63361716270447,7622
95.8585741519928,7654
96.06207036972046,7686
96.28676009178162,7699
96.41165590286255,7731
96.76162934303284,7742
96.84594631195068,7774
96.9267749786377,7776
97.07573461532593,7808
97.30679607391357,7840
97.39194655418396,7850
97.5727710723877,7858
97.62123513221741,7865
97.83796668052673,7897
98.16622734069824,7907
98.25919389724731,7939
98.58874273300171,7971
98.60012769699097,7981
98.63520431518555,8013
98.67612767219543,8014
98.91385459899902,8024
99.18515229225159,8056
99.25798606872559,8058
99.62828183174133,8090
99.9111602306366,8122
99.92977404594421,8154
100.00156450271606,8156
100.0151777267456,8168
100.23486471176147,8178
100.96829843521118,8210
101.16856622695923,8216
101.50551271438599,8248
101.83189630508423,8258
101.94884371757507,8290
102.0219373703003,8322
102.2047348022461,8330
102.34618830680847,8340
102.88359093666077,8372
103.20673775672913,8382
103.34591794013977,8414
103.48889517784119,8418
104.25702953338623,8450
104.67264437675476,8482
104.86772990226746,8488
104.97126388549805,8520
105.11372494697571,8552
105.2763180732727,8584
105.30020809173584,8594
105.53369927406311,8607
105.59284090995789,8617
105.91251397132874,8627
106.84224271774292,8659
107.21733140945435,8691
107.25293278694153,8704
107.37636280059814,8736
107.68438529968262,8749
107.79599785804749,8762
107.79725909233093,8794
108.11252808570862,8804
109.3468108177185,8836
109.57399892807007,8868
109.63185453414917,8900
109.66471576690674,8910
109.89089798927307,8920
109.92212057113647,8952
110.3002347946167,8964
111.41906213760376,8996
111.73710083961487,9006
111.83694458007812,9038
112.20506501197815,9070
112.22549676895142,9082
112.52796649932861,9092
112.66774368286133,9124
112.90176916122437,9131
113.45530438423157,9163
113.56061458587646,9166
113.64537239074707,9198
113.69665694236755,9199
114.04733729362488,9231
114.26211547851562,9263
114.45714473724365,9276
114.57768559455872,9286
115.45780086517334,9318
115.65197825431824,9324
115.66053414344788,9356
115.98727345466614,9366
116.06997656822205,9398
116.10919213294983,9399
116.14074540138245,9431
117.25745701789856,9463
117.57801222801208,9473
117.8783552646637,9505
117.94032549858093,9537
118.04120349884033,9540
118.0795226097107,9572
118.2965772151947,9585
118.42709541320801,9596
119.42856097221375,9628
119.62318277359009,9634
119.78220176696777,9666
119.85208106040955,9668
119.92840909957886,9700
120.18213891983032,9732
120.26501727104187,9742
120.56109356880188,9754
121.20384550094604,9786
121.27878522872925,9788
121.50233054161072,9820
121.54636740684509,9852
121.54994225502014,9853
121.86235475540161,9863
122.02044558525085,9895
122.34580779075623,9905
122.87628078460693,9937
123.50091123580933,9969
123.55125188827515,10001
123.8143560886383,10011
123.88237261772156,10043
123.93354511260986,10075
124.066330909729,10079
124.14003348350525,10087
124.45579981803894,10097
124.60069108009338,10129
124.92223143577576,10139
125.33796429634094,10152
125.47439432144165,10184
125.54645562171936,10186
125.77188277244568,10218
125.81043815612793,10219
126.14336347579956,10251
126.55932593345642,10264
126.77716040611267,10296
126.91911697387695,10328
127.09862184524536,10338
127.24255418777466,10370
127.31484770774841,10372
127.32486987113953,10385
127.5592429637909,10417
127.9154999256134,10428
128.50053238868713,10460
128.54704666137695,10492
128.76414918899536,10500
128.7978823184967,10508
129.10175800323486,10540
129.44734811782837,10550
129.8748335838318,10582
130.02820777893066,10614
130.330979347229,10627
130.4423246383667,10640
130.47630262374878,10672
130.79451847076416,10682
131.08602333068848,10714
131.45132732391357,10746
131.53709721565247,10759
131.80070090293884,10770
132.2863392829895,10802
132.47038555145264,10834
132.61804032325745,10844
132.75748753547668,10853
132.88559436798096,10885
133.20457458496094,10895
133.4401204586029,10927
133.86174702644348,10940
134.70253610610962,10972
134.8800449371338,11004
134.9943344593048,11036
135.08712673187256,11068
135.29409837722778,11081
135.3119490146637,11091
135.71057963371277,11123
136.02944827079773,11133
136.0855360031128,11165
136.31180024147034,11172
136.31423377990723,11181
136.62981724739075,11191
137.1935384273529,11223
137.4012439250946,11255
137.87535572052002,11265
137.89687514305115,11278
138.0464310646057,11310
138.11382675170898,11342
138.36416959762573,11352
138.52374696731567,11365
139.57678151130676,11397
139.84405326843262,11429
140.04447031021118,11461
140.0845205783844,11462
140.2136311531067,11473
140.45897388458252,11505
140.58280277252197,11537
140.62900710105896,11542
140.9039797782898,11552
141.09900283813477,11558
141.72587871551514,11590
141.86274480819702,11594
141.96467566490173,11626
142.3351662158966,11658
142.65251350402832,11690
142.65373754501343,11700
142.96935319900513,11710
142.97937893867493,11742
143.22467732429504,11774
143.299010515213,11784
143.33357882499695,11787
143.6193675994873,11797
143.65793752670288,11829
144.02612018585205,11840
144.28963136672974,11872
144.4580750465393,11877
144.90923762321472,11909
145.20747804641724,11941
145.33314037322998,11973
145.39220786094666,11974
145.46332693099976,12006
145.66409254074097,12012
145.92300844192505,12044
146.24399328231812,12076
146.34181785583496,12089
146.50896453857422,12121
146.57405805587769,12131
146.6624948978424,12141
146.6739583015442,12173
146.70689511299133,12179
146.92789340019226,12189
147.0039324760437,12199
147.68294310569763,12231
147.79029250144958,12234
148.3479723930359,12266
148.37549829483032,12298
148.69831681251526,12308
148.70147514343262,12340
148.80114221572876,12353
148.99012637138367,12362
149.61451077461243,12394
149.9377110004425,12404
150.20613813400269,12436
150.25375318527222,12437
150.26975893974304,12469
150.49536228179932,12474
150.75000286102295,12506
150.94688987731934,12538
151.07845044136047,12548
151.32776522636414,12560
151.67323064804077,12592
151.98754501342773,12624
152.0452914237976,12634
152.15510201454163,12639
152.39721417427063,12671
152.61401391029358,12703
152.72342610359192,12713
152.8416576385498,12720
153.09405994415283,12752
153.3713686466217,12784
153.44976449012756,12794
153.50574111938477,12798
154.12335467338562,12830
154.2738699913025,12862
154.577228307724,12894
154.57892107963562,12907
154.59409499168396,12917
154.92856121063232,12927
155.24812650680542,12959
155.58914136886597,12969
155.59721040725708,13001
155.83650159835815,13033
156.0375895500183,13039
156.44186091423035,13071
156.58622527122498,13073
156.60084557533264,13105
156.60757732391357,13137
156.86665296554565,13145
156.9277195930481,13155
157.04293775558472,13187
157.2565882205963,13197
157.36507201194763,13207
157.67190217971802,13239
157.95149636268616,13271
157.9907422065735,13272
158.04678606987,13282
158.26477766036987,13314
158.37954306602478,13346
158.5113627910614,13350
158.58626580238342,13360
159.10515809059143,13392
159.18583369255066,13424
159.5964138507843,13456
159.66718220710754,13458
159.77416968345642,13490
160.09706234931946,13500
160.13019275665283,13532
160.2033941745758,13564
160.45532822608948,13574
160.55560731887817,13584
160.78493285179138,13594
160.8756844997406,13604
161.3320620059967,13636
161.66018104553223,13646
162.19880390167236,13678
162.2721529006958,13680
162.3042459487915,13712
162.37574243545532,13714
162.41584253311157,13746
162.66841101646423,13778
162.70891332626343,13779
162.70913219451904,13788
163.29616689682007,13820
163.61435985565186,13830
164.0327911376953,13862
164.31706261634827,13894
164.45497965812683,13907
164.65789079666138,13917
164.79090118408203,13949
164.86237621307373,13951
164.9240825176239,13983
165.37753677368164,13996
165.46495985984802,14028
165.781635761261,14060
165.8779969215393,14073
166.19806385040283,14086
166.40655851364136,14118
166.51223826408386,14150
166.7309010028839,14160
166.88160109519958,14171
166.9277045726776,14203
167.34113359451294,14216
167.56344938278198,14248
167.80930924415588,14280
167.89663815498352,14312
167.90943503379822,14322
168.12767577171326,14332
168.22355127334595,14342
168.66178488731384,14374
168.73306369781494,14376
168.92410564422607,14408
169.2454879283905,14418
169.84462547302246,14450
170.12624049186707,14482
170.19487714767456,14492
170.21723246574402,14524
170.28848481178284,14526
170.54060101509094,14539
171.09471559524536,14571
171.21566820144653,14603
171.2860369682312,14605
171.41813683509827,14615
172.2227005958557,14647
172.3909523487091,14679
172.54650831222534,14689
172.67699217796326,14721
172.80584383010864,14734
173.09503483772278,14747
173.3626480102539,14779
173.68376898765564,14789
173.69660568237305,14821
173.8341326713562,14825
174.43980526924133,14857
174.631010055542,14889
174.6828064918518,14896
174.95064997673035,14906
175.28453016281128,14938
175.60145592689514,14948
175.6025745868683,14980
175.79564142227173,15012
176.01520657539368,15025
176.12022161483765,15035
176.55248975753784,15067
176.62190508842468,15069
176.886465549469,15101
177.2040605545044,15111
177.4073166847229,15143
177.5049250125885,15175
177.77665376663208,15185
177.83396697044373,15195
178.0639922618866,15227
178.28497457504272,15259
178.4750635623932,15272
178.5750744342804,15281
178.84273314476013,15313
179.16049027442932,15323
179.46370816230774,15355
179.61240887641907,15387
179.8293399810791,15397
180.0856442451477,15429
180.24447512626648,15461
180.4093201160431,15471
180.56803727149963,15481
180.7933042049408,15513
180.85305261611938,15545
180.93333959579468,15547
181.21393656730652,15560
181.40817403793335,15592
181.8157398700714,15605
182.03906345367432,15637
182.25140953063965,15669
182.2938153743744,15670
182.31883883476257,15702
182.3547568321228,15712
182.6400270462036,15722
182.8155300617218,15754
183.22479581832886,15767
183.78504371643066,15799
183.93967509269714,15831
184.10959362983704,15863
184.11320662498474,15873
184.1862690448761,15875
184.36786675453186,15907
184.68630480766296,15917
184.94493794441223,15949
185.26663064956665,15959
185.33623123168945,15961
185.3823115825653,15993
185.70423698425293,16003
186.06417155265808,16035
186.1556203365326,16037
186.20741820335388,16069
186.34198880195618,16101
186.63310480117798,16114
186.6725914478302,16124
187.17327880859375,16156
187.36824321746826,16188
187.48354768753052,16190
187.51988124847412,16200
187.63197422027588,16232
187.9520103931427,16242
188.64901089668274,16274
188.80361819267273,16306
188.8347008228302,16338
189.12585711479187,16348
189.2472677230835,16380
189.65510940551758,16393
189.65856862068176,16425
189.84587049484253,16457
189.91576194763184,16459
189.979651927948,16469
190.2991898059845,16481
190.3924584388733,16494
191.0676510334015,16526
191.3898310661316,16536
191.895977973938,16568
192.05916833877563,16573
192.23344373703003,16605
192.64763116836548,16618
193.28199338912964,16650
193.37097215652466,16682
193.49602675437927,16714
193.50914454460144,16718
193.56873965263367,16720
193.66595101356506,16752
193.7671778202057,16755
194.29405283927917,16787
194.5307114124298,16819
194.57559776306152,16851
194.58417916297913,16860
194.7223517894745,16864
194.78889656066895,16872
194.99206280708313,16885
195.28169298171997,16917
195.3600296974182,16919
195.74278903007507,16951
196.00251054763794,16983
196.06758737564087,16993
196.23348546028137,17000
196.52592182159424,17032
196.73473191261292,17064
196.92332100868225,17074
197.0592019557953,17084
197.090993642807,17116
197.2518548965454,17148
197.37610745429993,17151
197.41948986053467,17161
197.95423698425293,17193
198.06283497810364,17225
198.45331454277039,17237
198.4985511302948,17269
198.65437078475952,17301
198.82115769386292,17311
198.93016481399536,17319
198.97675919532776,17351
199.30929565429688,17361
199.45166659355164,17393
199.66726088523865,17403
199.7822391986847,17413
200.20910501480103,17445
200.3979229927063,17477
200.69631266593933,17509
200.8043553829193,17512
200.89124608039856,17544
200.9987051486969,17547
201.2447714805603,17579
201.42611503601074,17611
201.48357272148132,17618
201.81896090507507,17650
201.84596419334412,17663
201.9037721157074,17676
202.15143132209778,17686
202.20316433906555,17696
202.78523349761963,17728
202.9339361190796,17760
203.00961303710938,17762
203.12613892555237,17772
203.22252130508423,17804
203.56211686134338,17814
203.7819573879242,17846
204.1448609828949,17878
204.14924502372742,17910
204.19104671478271,17922
204.38005948066711,17929
204.50994992256165,17939
204.74788689613342,17971
204.8375051021576,17973
205.22358894348145,18005
205.5608570575714,18015
205.5844373703003,18047
205.78192377090454,18079
206.1372582912445,18090
206.16567015647888,18122
206.48570728302002,18132
206.57866191864014,18164
206.6078233718872,18196
206.9652419090271,18207
206.98931193351746,18220
207.0361020565033,18222
207.89268374443054,18254
208.01667761802673,18286
208.31195902824402,18318
208.4118709564209,18350
208.7225580215454,18363
208.74184656143188,18373
208.903635263443,18405
209.0473072528839,18437
209.22398853302002,18447
209.36600303649902,18457
209.496830701828,18461
209.54132437705994,18471
210.6284897327423,18503
210.96157360076904,18513
211.15044736862183,18545
211.24671912193298,18577
211.2687566280365,18609
211.30757474899292,18610
211.31791138648987,18612
211.56224417686462,18625
211.98426485061646,18657
212.1526448726654,18662
212.95796871185303,18694
212.9976544380188,18726
213.06995940208435,18728
213.25783824920654,18760
213.57850766181946,18770
213.97182774543762,18802
214.0911738872528,18834
214.23254203796387,18842
214.29563903808594,18874
214.50897479057312,18887
215.4837532043457,18919
215.8009374141693,18929
215.80646681785583,18961
216.11751675605774,18993
216.12652325630188,19003
216.29543709754944,19035
216.43435192108154,19045
217.65374875068665,19077
217.97151613235474,19087
218.02911925315857,19119
218.06835556030273,19120
218.11654949188232,19152
218.35905480384827,19184
218.43115139007568,19186
218.4324824810028,19196
219.80570030212402,19228
219.87593865394592,19230
220.06136345863342,19262
220.2424018383026,19294
220.38459062576294,19304
220.4746551513672,19336
220.5307822227478,19345
220.7644534111023,19354
221.88663339614868,19386
221.95633482933044,19388
222.19204187393188,19420
222.23159956932068,19452
222.45075130462646,19460
222.55601000785828,19470
222.81606006622314,19502
223.1373167037964,19512
223.3289487361908,19544
223.6779067516327,19554
224.46254920959473,19586
224.59607601165771,19590
224.74366426467896,19622
224.78058743476868,19654
224.906352519989,19659
225.09986090660095,19669
225.37892484664917,19701
225.86240816116333,19714
226.20942163467407,19746
226.43418860435486,19753
226.62944316864014,19785
226.791348695755,19790
227.03061175346375,19822
227.24172377586365,19854
227.35077166557312,19864
227.6720769405365,19877
228.14388370513916,19909
228.33929824829102,19941
228.54747343063354,19973
228.61686658859253,19975
228.74768114089966,19988
228.7580623626709,20020
229.0796639919281,20030
229.14509224891663,20062
229.46273684501648,20072
229.8418333530426,20084
230.7018072605133,20116
231.21614694595337,20148
231.2547037601471,20149
231.25780129432678,20181
231.305579662323,20213
231.57897210121155,20223
231.62484884262085,20233
231.7217710018158,20265
232.1310157775879,20278
232.4468719959259,20288
233.11216378211975,20320
233.25445008277893,20352
233.64620304107666,20384
233.66500782966614,20397
233.99397611618042,20408
234.00123620033264,20440
234.1277642250061,20472
234.1972668170929,20474
234.4074296951294,20487
234.61738061904907,20500
235.41460466384888,20532
235.76380968093872,20543
236.01569080352783,20575
236.254469871521,20607
236.42809653282166,20620
236.44447112083435,20652
236.57330799102783,20662
236.78631401062012,20672
237.57439661026,20704
237.67652416229248,20736
237.92773461341858,20747
238.08716654777527,20779
238.40770888328552,20789
238.4414610862732,20821
238.75013041496277,20853
238.8733148574829,20866
238.92848014831543,20898
238.9780375957489,20905
239.23951196670532,20913
239.2685742378235,20923
240.21074748039246,20955
240.36119174957275,20987
240.36718678474426,21019
240.53245449066162,21024
240.6427857875824,21037
240.7839698791504,21047
241.15900778770447,21079
241.47605729103088,21089
241.65584063529968,21121
241.82204699516296,21153
242.01594066619873,21164
242.18490624427795,21174
242.4893023967743,21206
242.6283221244812,21238
242.90379166603088,21251
243.02776432037354,21283
243.0453782081604,21296
243.15811014175415,21300
243.54172563552856,21332
243.90478682518005,21364
244.07959961891174,21396
244.15085530281067,21398
244.26831912994385,21409
244.57527208328247,21441
244.59911251068115,21473
244.71194338798523,21477
244.94267511367798,21487
245.03251266479492,21497
245.26754331588745,21529
245.68228363990784,21542
246.28774642944336,21574
246.4966561794281,21579
246.56443691253662,21611
246.86582469940186,21643
246.91155004501343,21653
246.99584484100342,21685
247.34479331970215,21696
247.60914254188538,21728
247.87361526489258,21760
247.8832130432129,21768
248.31732487678528,21781
248.38437414169312,21813
248.55772995948792,21845
248.63737607002258,21855
248.70674633979797,21865
248.89200067520142,21875
249.088716506958,21907
249.1754913330078,21909
249.63843989372253,21941
249.9707386493683,21951
250.32111358642578,21983
250.44100499153137,22015
250.63994979858398,22025
250.77161812782288,22035
250.97672629356384,22067
251.01601219177246,22099
251.35408878326416,22111
251.43992042541504,22124
251.87487840652466,22156
252.21665501594543,22166
252.4697241783142,22198
252.79329705238342,22208
253.0288245677948,22240
253.10184335708618,22272
253.10189580917358,22274
253.3239779472351,22306
253.65298581123352,22316
254.0076334476471,22348
254.11561608314514,22380
254.22583937644958,22386
254.28273010253906,22391
254.41353273391724,22395
254.51234889030457,22427
254.80033493041992,22459
254.83543753623962,22469
254.9090540409088,22472
255.86241126060486,22504
255.9284188747406,22536
255.9658031463623,22568
256.319452047348,22600
256.34069204330444,22613
256.63947057724,22623
256.867840051651,22655
256.9366235733032,22657
256.9960136413574,22689
257.2519037723541,22699
257.3185486793518,22709
257.7023630142212,22720
257.96882677078247,22752
258.08134365081787,22784
258.1522390842438,22786
258.3402316570282,22797
258.70584630966187,22829
259.0411186218262,22839
259.0835208892822,22871
259.3786005973816,22903
259.5508315563202,22935
259.80387687683105,22948
259.8768711090088,22958
260.06614875793457,22990
260.0947468280792,23022
260.16492557525635,23024
260.48266983032227,23034
260.4864068031311,23047
260.83208656311035,23079
260.94111824035645,23082
261.3467164039612,23114
261.39268827438354,23115
261.7563900947571,23147
261.84095335006714,23149
261.97129487991333,23181
262.0124320983887,23213
262.14652490615845,23217
262.2921051979065,23227
262.7086548805237,23259
262.871568441391,23291
263.10951232910156,23302
263.2016079425812,23312
263.31747341156006,23344
263.44493412971497,23376
263.51472759246826,23378
263.73455142974854,23391
264.1675674915314,23423
264.2120759487152,23455
264.4048125743866,23461
264.5959322452545,23473
264.9636595249176,23505
265.20920419692993,23537
265.39037919044495,23550
265.4390141963959,23582
265.5304925441742,23592
265.7631096839905,23602
266.2173342704773,23634
266.41767477989197,23666
266.5679018497467,23676
266.6519727706909,23683
267.25786876678467,23715
267.3035900592804,23716
267.55243468284607,23748
267.9385259151459,23780
268.1261053085327,23812
268.3324022293091,23844
268.36998677253723,23857
268.45079469680786,23867
268.5520067214966,23899
268.6591658592224,23909
268.9622094631195,23922
269.37567234039307,23954
270.00062227249146,23986
270.3226110935211,23996
270.4620432853699,24028
270.65897846221924,24060
270.73080706596375,24062
270.93084263801575,24094
271.31201815605164,24106
271.33021116256714,24138
271.5111539363861,24170
271.6522204875946,24180
271.7443735599518,24187
271.8663532733917,24219
272.10309743881226,24229
272.38658332824707,24261
273.0599687099457,24293
273.13760209083557,24325
273.3907804489136,24357
273.48658299446106,24367
273.6460156440735,24375
273.6565029621124,24407
273.714834690094,24409
273.9727282524109,24419
274.0766520500183,24451
274.4067006111145,24461
274.542959690094,24465
275.423787355423,24497
275.531368970871,24500
276.1291105747223,24532
276.2033476829529,24564
276.4415421485901,24596
276.58466362953186,24608
276.7307028770447,24617
277.13402915000916,24649
277.1414337158203,24681
277.4567940235138,24691
277.46323895454407,24701
277.78335332870483,24711
278.31921339035034,24743
278.39396047592163,24775
278.74522948265076,24786
278.99306654930115,24818
279.1271302700043,24850
279.1605453491211,24855
279.34164023399353,24887
279.44863057136536,24897
279.76818346977234,24910
280.10188364982605,24920
280.5864634513855,24952
280.7185158729553,24984
281.15685415267944,25016
281.20059609413147,25017
281.24227690696716,25049
281.595840215683,25081
281.65098690986633,25094
281.7420423030853,25126
281.8116056919098,25128
281.9803276062012,25140
282.1136999130249,25144
282.13153862953186,25154
282.9982144832611,25186
283.04483461380005,25218
283.40830969810486,25250
283.4714186191559,25263
283.56497263908386,25295
283.6034486293793,25301
283.8823311328888,25311
284.0012786388397,25343
284.421550989151,25356
284.4617486000061,25357
284.49343514442444,25389
284.8178565502167,25399
285.20634841918945,25431
285.4875409603119,25463
285.59799790382385,25495
286.00680351257324,25527
286.2523183822632,25559
286.3401176929474,25569
286.5631501674652,25601
286.57025480270386,25611
286.6107156276703,25643
286.8975830078125,25653
286.97116351127625,25664
287.0138273239136,25667
287.16724252700806,25673
287.3498520851135,25705
287.6733639240265,25715
287.88932180404663,25747
287.9919421672821,25750
288.1809961795807,25782
288.60586285591125,25791
288.68880915641785,25823
288.711061000824,25855
289.01787996292114,25865
289.1247990131378,25878
289.70216941833496,25910
289.8055741786957,25942
290.2259376049042,25955
290.3920428752899,25987
290.420387506485,26019
290.7076439857483,26051
290.77450489997864,26063
290.8423321247101,26076
291.04298067092896,26086
291.2576439380646,26118
291.3349621295929,26127
291.651451587677,26137
291.88155603408813,26169
291.93834376335144,26201
292.34032440185547,26233
292.86257243156433,26265
292.8980324268341,26297
292.95303297042847,26329
293.0223665237427,26331
293.1247718334198,26338
293.22932839393616,26344
293.2417662143707,26354
293.34493112564087,26386
293.44197702407837,26396
293.6630401611328,26406
293.8909502029419,26413
294.98471093177795,26445
295.18407464027405,26451
295.21242570877075,26483
295.374685049057,26515
295.5303039550781,26525
295.6064655780792,26557
295.7873775959015,26570
296.00222086906433,26582
297.1630461215973,26614
297.2626254558563,26646
297.44694542884827,26678
297.4945433139801,26688
297.550683259964,26697
297.57851362228394,26701
297.84397530555725,26733
298.01502537727356,26738
298.5116958618164,26770
298.8710787296295,26780
299.05384516716003,26812
299.2948741912842,26844
299.37396240234375,26854
299.7379310131073,26886
300.0730621814728,26896
300.08403158187866,26928
300.32457733154297,26935
300.65953397750854,26967
300.96011781692505,26976
301.28025913238525,27008
301.38310408592224,27011
301.4155361652374,27043
301.7006676197052,27075
301.8319580554962,27088
302.08325839042664,27120
302.11523270606995,27133
302.2784204483032,27139
302.8379330635071,27171
303.15688371658325,27203
303.289603471756,27216
303.4880790710449,27226
303.8626346588135,27258
304.00396251678467,27290
304.075660943985,27292
304.18652391433716,27302
304.3322002887726,27334
304.46998929977417,27338
304.53758811950684,27370
305.19407391548157,27402
305.1950533390045,27434
305.3899290561676,27440
305.5579586029053,27472
305.6276423931122,27474
305.6454646587372,27506
305.72691011428833,27509
305.96422123908997,27519
306.20391607284546,27551
306.3991005420685,27557
306.8137152194977,27570
307.0544943809509,27602
307.06410670280457,27634
307.34404253959656,27666
307.41738653182983,27676
307.42551374435425,27686
308.02334856987,27699
308.0246376991272,27731
308.4543797969818,27763
308.5618360042572,27795
308.97479343414307,27808
309.0479247570038,27840
309.32674646377563,27872
309.4528064727783,27884
309.61343121528625,27893
310.0318429470062,27925
310.15759921073914,27957
310.4557259082794,27989
310.6373589038849,28002
310.83892941474915,28034
310.87403082847595,28047
311.13259291648865,28079
311.15707087516785,28089
311.4640030860901,28099
311.662561416626,28131
311.714884519577,28138
312.14083218574524,28151
312.3434636592865,28183
312.4459524154663,28186
312.915509223938,28218
313.14749360084534,28250
313.18988704681396,28282
313.2457492351532,28292
313.51221084594727,28302
313.6033754348755,28334
314.0262589454651,28347
314.1775052547455,28379
314.2950875759125,28411
314.510817527771,28421
314.63388085365295,28431
314.784880399704,28463
314.83495354652405,28472
315.118506193161,28481
315.17236256599426,28513
315.66330313682556,28545
316.05357241630554,28577
316.15695810317993,28609
316.1900417804718,28641
316.47330498695374,28651
316.54411816596985,28662
316.6865680217743,28694
316.95460057258606,28707
317.03718614578247,28718
317.08280968666077,28750
317.19085144996643,28753
317.36784648895264,28763
318.2315673828125,28795
318.5692596435547,28827
318.5708818435669,28837
319.2858283519745,28869
319.3267996311188,28901
319.57962465286255,28933
319.6426181793213,28965
319.8989453315735,28975
320.2807824611664,28987
320.3128185272217,29019
320.3492066860199,29051
320.55316495895386,29057
320.58797574043274,29065
320.63974356651306,29097
320.89444231987,29107
320.92775440216064,29116
320.9890675544739,29125
321.0036473274231,29127
321.8279073238373,29159
322.0837140083313,29191
322.28110361099243,29197
322.53399777412415,29229
322.61808609962463,29261
322.6937882900238,29263
322.84557247161865,29295
322.94997334480286,29308
323.1649374961853,29318
323.4923448562622,29328
323.98846197128296,29360
324.41134119033813,29392
324.4436869621277,29405
324.8229079246521,29437
324.83360385894775,29469
324.83429169654846,29482
325.14967679977417,29492
325.23375272750854,29505
325.5237834453583,29537
325.86886858940125,29547
326.3459780216217,29579
326.59416675567627,29611
326.6761865615845,29621
326.870014667511,29653
326.908979177475,29663
327.284250497818,29676
327.6311638355255,29708
327.78175592422485,29740
328.06088399887085,29753
328.1198134422302,29763
328.32721638679504,29795
328.5725016593933,29827
328.64463543891907,29837
328.83308005332947,29845
329.0912263393402,29877
329.165580034256,29909
329.436576128006,29919
329.49870467185974,29929
329.978467464447,29961
330.0537254810333,29993
330.1900146007538,29997
330.3260543346405,30007
330.4736967086792,30039
330.7032907009125,30071
330.8274710178375,30081
331.12229657173157,30094
331.3927183151245,30126
331.5047097206116,30158
331.78798365592957,30170
332.1935019493103,30202
332.235764503479,30203
332.29860973358154,30235
332.5223300457001,30267
332.71037244796753,30279
332.79039764404297,30311
332.93939423561096,30324
333.12146258354187,30334
333.26663279533386,30344
333.73064732551575,30376
334.0739529132843,30386
334.26637411117554,30418
334.30633902549744,30450
334.4076225757599,30453
334.4935164451599,30485
334.8240478038788,30495
335.09596610069275,30527
335.27219247817993,30559
335.4774081707001,30570
335.69643568992615,30583
335.93681144714355,30615
336.02050733566284,30625
336.252445936203,30657
336.3741900920868,30670
336.5615351200104,30702
336.66673946380615,30714
337.0623459815979,30746
337.38049817085266,30778
337.5925726890564,30810
337.6801736354828,30842
338.00599694252014,30852
338.01068472862244,30865
338.04923272132874,30866
338.09091687202454,30898
338.57328391075134,30930
338.5745642185211,30936
338.8859622478485,30946
339.03566455841064,30959
339.19898104667664,30969
339.68186473846436,31001
340.0553135871887,31033
340.11506962776184,31044
340.35902667045593,31076
340.40884256362915,31087
340.70451855659485,31097
340.94316148757935,31129
341.142614364624,31161
341.3567752838135,31174
341.4762966632843,31184
341.6941542625427,31216
341.7670500278473,31248
341.8453929424286,31250
342.0535378456116,31261
342.3470435142517,31293
343.2281129360199,31325
343.3107633590698,31357
343.35133504867554,31389
343.5200378894806,31421
343.60739612579346,31429
343.6334662437439,31439
343.66015458106995,31443
344.26240396499634,31475
344.59185791015625,31485
345.010835647583,31498
345.07643389701843,31530
345.1157879829407,31531
345.53276228904724,31563
345.6309390068054,31595
345.7652328014374,31602
346.0116446018219,31614
346.5016007423401,31646
346.624609708786,31678
346.8036069869995,31683
346.82364773750305,31693
347.0119287967682,31725
347.3326954841614,31735
347.8833477497101,31767
348.29801654815674,31780
348.3157548904419,31812
348.5260999202728,31844
348.6565840244293,31876
348.681843996048,31887
348.8437695503235,31897
348.97656750679016,31907
349.29447174072266,31939
349.6118874549866,31949
350.4280505180359,31981
350.45491075515747,32013
350.6115357875824,32045
350.7809238433838,32055
350.931263923645,32065
351.3877317905426,32097
351.4303123950958,32098
351.4596803188324,32130
351.54597568511963,32132
352.43362307548523,32164
352.58441042900085,32196
352.6554923057556,32228
352.7183322906494,32232
353.0450801849365,32264
353.37256622314453,32274
353.4501073360443,32306
353.7761001586914,32316
354.1288924217224,32327
354.3182830810547,32359
354.6504099369049,32369
354.8555233478546,32401
354.9257445335388,32403
355.1097295284271,32435
355.4197165966034,32444
355.4408309459686,32476
355.6960084438324,32508
355.770854473114,32518
355.91982221603394,32550
356.0451922416687,32560
356.237327337265,32570
356.44204020500183,32602
356.78690552711487,32634
356.81621837615967,32645
357.07014989852905,32677
357.31093096733093,32709
357.55405354499817,32716
357.8111732006073,32748
357.8407323360443,32780
358.08151268959045,32812
358.1761038303375,32822
358.2328474521637,32835
358.26997089385986,32836
358.4053359031677,32846
358.80070066452026,32878
358.81735038757324,32891
359.1284041404724,32901
359.20548963546753,32933
359.27419996261597,32965
359.3749101161957,32970
359.41353964805603,32974
359.82904148101807,33006
360.1607563495636,33016
360.185729265213,33048
360.4504699707031,33080
360.78020572662354,33090
360.78921842575073,33122
360.8588194847107,33124
361.16528582572937,33156
361.19010281562805,33188
361.5756552219391,33200
361.5815815925598,33213
361.80381751060486,33245
361.84414196014404,33246
362.0044014453888,33259
362.70199704170227,33291
362.7742202281952,33323
363.02411341667175,33355
363.3599510192871,33365
363.4659025669098,33397
363.71162939071655,33429
363.78025341033936,33431
363.79295563697815,33463
363.7935121059418,33473
364.13835549354553,33483
364.18504095077515,33496
364.35731267929077,33528
364.5554027557373,33534
365.21977972984314,33566
365.4824137687683,33598
365.56544828414917,33608
365.57594990730286,33640
365.8014028072357,33650
365.87145161628723,33682
366.0038642883301,33695
366.19172167778015,33705
366.59253573417664,33737
366.918301820755,33747
367.451447725296,33779
367.5113208293915,33811
367.7572326660156,33843
367.7850430011749,33851
367.87781524658203,33864
368.08756041526794,33874
368.3844141960144,33906
368.4590439796448,33908
368.9616436958313,33940
369.2817933559418,33950
369.5926585197449,33982
369.67067790031433,33984
369.74264550209045,34016
369.8152754306793,34018
370.13161063194275,34050
370.4529950618744,34060
370.77248430252075,34092
371.0995502471924,34102
371.1639196872711,34134
371.36626076698303,34140
371.38379192352295,34172
371.5528094768524,34177
371.88282537460327,34209
372.2059054374695,34219
372.28134965896606,34251
372.421906709671,34255
372.78698110580444,34287
373.2268822193146,34300
373.38734316825867,34332
373.4184195995331,34364
373.73940443992615,34374
373.9200520515442,34384
374.08018040657043,34416
374.4111602306366,34426
374.57588815689087,34458
374.9002273082733,34468
375.1405990123749,34500
375.28480863571167,34504
375.32993149757385,34536
375.6518771648407,34546
376.0102093219757,34578
376.2363440990448,34610
376.3524570465088,34620
376.4244043827057,34652
376.66512799263,34684
376.67620396614075,34692
376.8312659263611,34697
377.2637605667114,34729
377.39005994796753,34761
377.43003702163696,34766
377.7189691066742,34776
377.7559103965759,34786
378.1109507083893,34818
378.27905535697937,34823
378.3119945526123,34855
378.64804220199585,34865
378.7915403842926,34897
379.12072229385376,34907
379.13063311576843,34939
379.2435805797577,34942
379.6840019226074,34974
379.74286937713623,35006
380.0125787258148,35016
380.0899028778076,35026
380.38449215888977,35058
380.5337896347046,35090
380.7009160518646,35095
380.7927896976471,35108
381.0090961456299,35140
381.18893909454346,35172
381.23907995224,35179
381.5467517375946,35189
381.8409833908081,35221
382.0172438621521,35253
382.23940110206604,35285
382.5622272491455,35295
382.62562918663025,35327
382.86829590797424,35359
383.0120403766632,35371
383.0239589214325,35403
383.0634672641754,35404
383.10395908355713,35411
383.5258433818817,35424
383.808762550354,35437
384.1609971523285,35469
384.3575870990753,35501
384.52153992652893,35511
384.6146500110626,35519
384.69587683677673,35551
385.02917289733887,35561
385.1368567943573,35593
385.21055030822754,35595
385.54716086387634,35627
385.6186578273773,35659
385.78485679626465,35664
385.97180128097534,35677
386.39502000808716,35709
386.76143050193787,35741
387.0552177429199,35773
387.11100816726685,35805
387.1731369495392,35818
387.42114305496216,35850
387.4723262786865,35863
387.74418687820435,35873
387.8452208042145,35876
388.934451341629,35908
389.1515655517578,35940
389.2619273662567,35950
389.32837867736816,35982
389.369206905365,36014
389.47964549064636,36024
389.6163487434387,36033
389.6876301765442,36043
390.8277802467346,36075
391.1468930244446,36085
391.22422909736633,36117
391.27429723739624,36149
391.34698963165283,36151
391.5365800857544,36183
391.6455399990082,36196
391.936625957489,36208
392.74976229667664,36240
392.85301065444946,36272
393.24064469337463,36304
393.4003224372864,36336
393.5931034088135,36347
393.7535185813904,36358
393.76503896713257,36390
393.854656457901,36422
393.8947582244873,36423
393.9651584625244,36425
394.085223197937,36435
394.12293791770935,36436
395.279363155365,36468
395.41112995147705,36472
395.62195587158203,36504
395.7476010322571,36536
395.94180488586426,36546
396.0703580379486,36556
396.47564148902893,36588
396.8880648612976,36601
397.38706254959106,36633
397.58665895462036,36639
397.63472533226013,36671
397.67421221733093,36703
397.95640802383423,36713
398.0103454589844,36723
398.7284379005432,36755
399.1106503009796,36767
399.36393427848816,36799
399.6851632595062,36809
399.9545843601227,36841
400.02416586875916,36843
400.1339228153229,36875
400.5422480106354,36888
401.0242841243744,36920
401.18040347099304,36952
401.4397280216217,36965
401.59973406791687,36978
402.0500535964966,37010
402.0977261066437,37011
402.1413176059723,37043
402.4589304924011,37053
403.3746235370636,37085
403.44633054733276,37117
403.6927716732025,37127
403.79727029800415,37138
404.029349565506,37170
404.0691146850586,37171
404.1601462364197,37203
404.49463963508606,37213
405.5635094642639,37245
405.80526638031006,37277
405.8819499015808,37287
406.1233832836151,37297
406.2283978462219,37329
406.55059814453125,37339
407.9192841053009,37371
408.02010774612427,37403
408.1118266582489,37409
408.15378165245056,37441
408.3245859146118,37473
408.3686091899872,37484
408.53549671173096,37496
408.64510440826416,37506
410.08998560905457,37538
410.1517243385315,37570
410.4171373844147,37580
410.46812438964844,37590
410.6488962173462,37622
411.061975479126,37635
411.95145082473755,37667
412.1505491733551,37699
412.2732276916504,37709
412.39790534973145,37741
412.7305905818939,37773
412.80131101608276,37786
413.11871814727783,37798
414.23651456832886,37830
414.44379210472107,37862
414.5508623123169,37872
414.87002420425415,37885
415.0416965484619,37917
416.48721504211426,37949
416.61803245544434,37953
416.72520112991333,37985
416.79445362091064,38017
417.0404689311981,38027
417.1312086582184,38037
418.14499831199646,38069
418.55803322792053,38082
418.658447265625,38114
418.9756736755371,38124
419.1050510406494,38156
419.4265866279602,38166
420.4489850997925,38198
420.59760069847107,38230
420.7357382774353,38239
420.8385875225067,38271
421.00337052345276,38284
421.04023027420044,38316
421.1561930179596,38326
421.3959023952484,38337
422.452672958374,38369
422.6994426250458,38401
422.76961636543274,38403
422.8015630245209,38414
423.1314625740051,38446
423.39471459388733,38478
423.4340252876282,38479
423.5154321193695,38491
424.69552278518677,38523
424.7645535469055,38555
424.9190056324005,38562
425.0483090877533,38571
425.31963324546814,38603
425.42137122154236,38606
425.4390187263489,38638
425.80260014533997,38648
426.93473267555237,38680
427.06788539886475,38712
427.13723039627075,38714
427.252986907959,38724
427.34921526908875,38756
427.3642189502716,38788
427.6671004295349,38798
427.6845746040344,38808
429.13032388687134,38840
429.3588263988495,38847
429.45956778526306,38879
429.5146481990814,38911
429.8032977581024,38922
429.8353569507599,38932
430.75268959999084,38964
431.1583526134491,38977
431.280353307724,39009
431.4124677181244,39013
431.4215762615204,39045
431.7369136810303,39055
432.8812620639801,39087
433.25650906562805,39119
433.2916843891144,39132
433.37143778800964,39164
433.4180099964142,39165
433.57022619247437,39175
435.2676863670349,39207
435.27423906326294,39239
435.4827902317047,39271
435.59094619750977,39281
435.643545627594,39293
435.8889088630676,39306
437.1898877620697,39338
437.5318925380707,39370
437.59857988357544,39383
437.72385358810425,39389
437.73707270622253,39421
438.0534417629242,39431
439.3482403755188,39463
439.5176668167114,39495
439.684898853302,39527
440.0019714832306,39537
441.0284104347229,39569
441.34665298461914,39579
441.81859707832336,39611
442.1936876773834,39623
442.9302771091461,39655
443.245646238327,39665
443.33149313926697,39697
443.4008243083954,39699
444.096800327301,39731
444.430144071579,39741
444.71410369873047,39773
444.9668917655945,39781
445.17994451522827,39813
445.4036898612976,39820
445.6352138519287,39852
445.826562166214,39858
446.55805802345276,39890
446.5879874229431,39922
446.7211368083954,39926
446.88652777671814,39936
447.03049397468567,39968
447.1942036151886,39973
447.3250470161438,40005
447.93346762657166,40037
448.2234206199646,40046
448.50563621520996,40078
448.5821681022644,40110
448.8459131717682,40142
448.8869731426239,40154
448.90002965927124,40164
449.16177678108215,40174
450.428528547287,40206
450.51746892929077,40238
450.55894660949707,40242
450.78779768943787,40274
450.8356456756592,40306
450.87454771995544,40307
450.924067735672,40320
451.1725106239319,40326
452.61023211479187,40358
452.83070850372314,40390
452.8399920463562,40422
452.8801426887512,40423
452.9115927219391,40455
452.9330310821533,40458
452.9500107765198,40459
453.02297735214233,40472
454.6105377674103,40504
454.7742598056793,40509
455.0410304069519,40541
455.2682840824127,40573
455.43846368789673,40585
455.58501863479614,40595
456.40863251686096,40627
456.61811566352844,40659
456.7867577075958,40671
456.9761438369751,40703
457.023006439209,40716
457.2672498226166,40748
457.2918972969055,40758
457.58219599723816,40768
458.9484980106354,40800
459.1952624320984,40832
459.2613227367401,40842
459.44102716445923,40874
459.52041387557983,40884
459.7301137447357,40893
460.8037893772125,40925
460.87289905548096,40927
461.16006445884705,40959
461.40549635887146,40991
461.50433588027954,41002
461.724632024765,41012
462.6384813785553,41044
462.7378783226013,41047
462.85973739624023,41079
463.2170190811157,41090
463.2899811267853,41122
463.4960603713989,41154
463.60273575782776,41164
463.782998085022,41173
464.81754088401794,41205
465.1616063117981,41216
465.2281458377838,41248
465.48587012290955,41280
465.51253294944763,41312
465.8416681289673,41322
465.9018430709839,41335
466.9620621204376,41367
466.9638080596924,41399
467.00140857696533,41400
467.21952986717224,41432
467.36779022216797,41445
467.4359211921692,41477
467.5063247680664,41479
467.5389199256897,41489
468.72220754623413,41521
468.82231640815735,41524
469.08402132987976,41556
469.2633407115936,41588
469.3709526062012,41597
469.49243426322937,41629
469.77841877937317,41638
470.7876501083374,41670
471.0724980831146,41679
471.38451385498047,41711
471.71074056625366,41721
472.90638303756714,41753
473.10742688179016,41785
473.1117732524872,41817
473.25082087516785,41828
473.30131340026855,41834
473.51568698883057,41847
475.0954782962799,41879
475.1338167190552,41911
475.41963362693787,41943
475.45516896247864,41953
475.4579167366028,41954
475.50585651397705,41967
477.23412346839905,41999
477.4620130062103,42031
477.5491530895233,42041
477.68748140335083,42073
477.77831768989563,42083
477.96964406967163,42092
479.2860164642334,42124
479.44850492477417,42129
479.5211834907532,42161
479.57628536224365,42193
479.59146308898926,42195
479.6445224285126,42197
479.6647152900696,42229
479.7031555175781,42230
481.2565314769745,42262
481.45588517189026,42294
481.6627776622772,42307
481.7689299583435,42317
483.2511661052704,42349
483.26497888565063,42381
483.47455525398254,42388
483.6697733402252,42401
485.1444218158722,42433
485.2368724346161,42465
485.3676435947418,42469
485.458872795105,42479
485.48344445228577,42511
485.8619260787964,42523
486.75832414627075,42555
486.94335675239563,42587
487.0438902378082,42590
487.1010127067566,42600
487.3476519584656,42632
488.0658860206604,42664
488.3846414089203,42674
489.23580288887024,42706
489.3980646133423,42711
489.411719083786,42743
489.7593364715576,42754
490.27933049201965,42786
490.59455156326294,42796
490.76578164100647,42828
490.8052909374237,42829
491.6046710014343,42861
491.8746180534363,42893
491.92068791389465,42903
492.2808256149292,42916
492.2881259918213,42948
492.62584137916565,42980
492.69216322898865,42993
492.94680428504944,43003
493.5834105014801,43035
493.82034850120544,43067
493.89945459365845,43077
494.2010054588318,43089
494.2655403614044,43121
494.56019496917725,43130
494.5768496990204,43162
494.8963749408722,43172
495.6378331184387,43204
495.80207324028015,43209
495.937007188797,43241
496.3239059448242,43273
496.3294599056244,43305
496.4533576965332,43309
496.92939352989197,43341
496.9307885169983,43354
497.2479739189148,43364
497.32551765441895,43366
497.62479186058044,43398
497.7661278247833,43402
498.51864075660706,43434
498.7834916114807,43466
498.8499402999878,43498
498.90222430229187,43530
499.219850063324,43540
499.23530626296997,43552
499.51066517829895,43584
499.7792236804962,43616
499.8228847980499,43626
500.14124393463135,43637
500.14623761177063,43647
500.20982694625854,43649
500.8342111110687,43681
501.24805545806885,43713
501.2997477054596,43745
501.4385666847229,43777
501.864798784256,43809
502.24206042289734,43841
502.277480840683,43854
502.3146014213562,43886
502.3540551662445,43887
502.40286684036255,43892
502.5654284954071,43901
502.6324293613434,43908
502.8753409385681,43940
503.07244658470154,43946
503.79430389404297,43978
504.12387013435364,44010
504.1597681045532,44020
504.16607666015625,44052
504.46373867988586,44084
504.4813344478607,44094
504.5424556732178,44107
504.84939193725586,44119
505.1716547012329,44151
505.53383803367615,44162
505.81935834884644,44194
506.0202920436859,44226
506.0789260864258,44258
506.14121317863464,44268
506.150887966156,44272
506.18071579933167,44275
506.565771818161,44307
506.8907198905945,44317
507.39695167541504,44349
507.7091031074524,44381
507.7217354774475,44391
508.0246469974518,44401
508.12882471084595,44433
508.44537234306335,44443
508.7030510902405,44475
509.0344932079315,44485
509.79376006126404,44517
509.81948924064636,44549
510.04712986946106,44581
510.05212807655334,44589
510.1162939071655,44591
510.1497869491577,44601
510.6133494377136,44633
510.9376223087311,44643
511.171936750412,44675
511.2750999927521,44707
511.59255862236023,44720
511.6802451610565,44733
511.9896786212921,44765
512.0719833374023,44797
512.0921943187714,44800
512.311493396759,44807
512.6183774471283,44839
512.9429097175598,44849
513.1911931037903,44881
513.5263955593109,44913
513.8641645908356,44923
513.8677136898041,44955
513.9730052947998,44987
514.1866035461426,44997
514.198691368103,45029
514.3837420940399,45042
514.5162959098816,45052
514.8332078456879,45062
515.6636383533478,45094
515.7332119941711,45096
515.7508370876312,45128
516.0110566616058,45136
516.0906641483307,45168
516.2713298797607,45200
516.6912178993225,45213
517.3672938346863,45245
517.4473807811737,45277
517.5439398288727,45309
517.7228307723999,45319
517.7369728088379,45325
517.7716498374939,45335
518.0430011749268,45345
518.1940538883209,45377
518.5153253078461,45387
519.8467042446136,45419
519.9601883888245,45451
520.1232612133026,45483
520.1630148887634,45484
520.1973729133606,45516
520.2710423469543,45518
520.3758597373962,45531
520.8585886955261,45563
521.1785926818848,45573
521.5073699951172,45583
521.8217251300812,45615
521.9366674423218,45647
522.1331520080566,45653
522.1639602184296,45663
523.0357310771942,45695
523.0939996242523,45727
523.376458644867,45759
523.4220914840698,45769
523.4504261016846,45782
523.7831046581268,45795
524.0185511112213,45827
524.3358561992645,45837
525.1244566440582,45869
525.1673259735107,45870
525.5642740726471,45902
525.5962541103363,45934
525.738602399826,45938
525.7736995220184,45970
525.9118015766144,45981
526.0595898628235,45990
526.8841409683228,46022
527.2120299339294,46032
527.8006258010864,46064
528.0964868068695,46096
528.1498358249664,46107
528.164213180542,46139
528.1974413394928,46142
528.4176845550537,46150
528.8450870513916,46182
529.1706912517548,46192
530.1670236587524,46224
530.5555951595306,46256
530.5762193202972,46269
530.7812488079071,46301
530.9630975723267,46314
532.3194785118103,46346
532.6073415279388,46355
532.7427959442139,46387
532.8139357566833,46389
532.9000298976898,46421
533.0923147201538,46427
533.1153945922852,46459
533.5201516151428,46471
534.2470269203186,46503
534.3476922512054,46506
534.8105020523071,46538
535.1307327747345,46548
535.251877784729,46580
535.567417383194,46590
535.6808226108551,46622
535.9996163845062,46632
536.1377460956573,46664
536.4529628753662,46674
536.8548226356506,46706
537.0220928192139,46738
537.0915949344635,46740
537.1723668575287,46750
538.0046727657318,46782
538.2990746498108,46791
538.5892996788025,46823
538.9081878662109,46833
539.0088834762573,46865
539.1002762317657,46897
539.1093752384186,46900
539.1385922431946,46901
539.9833462238312,46933
540.340039730072,46944
540.653379201889,46976
540.9051418304443,46984
541.0292332172394,47016
541.2763493061066,47048
541.3505280017853,47058
541.6216287612915,47069
542.5971140861511,47101
542.7167084217072,47133
542.7941575050354,47139
542.8829066753387,47171
543.1976811885834,47181
543.374103307724,47213
543.7031195163727,47223
543.7132141590118,47255
543.8504195213318,47259
544.1848738193512,47269
544.5713622570038,47301
544.892175912857,47311
545.0508260726929,47343
545.1361637115479,47344
545.4165930747986,47376
545.5974593162537,47408
545.7364196777344,47418
545.8946008682251,47450
545.9151351451874,47460
546.2130699157715,47470
546.6554296016693,47502
546.9098265171051,47534
547.3138618469238,47544
547.6084594726562,47557
547.6606843471527,47589
547.8582336902618,47621
548.0841202735901,47634
548.1123144626617,47642
548.3894331455231,47674
548.7692308425903,47685
549.1615414619446,47717
549.2799756526947,47749
549.4973645210266,47759
549.6019387245178,47769
549.9396123886108,47801
550.2599658966064,47833
550.2983672618866,47844
550.5109355449677,47876
550.5557653903961,47877
550.6194431781769,47909
550.6791536808014,47922
550.877632856369,47930
551.301659822464,47962
551.8652868270874,47994
551.900116443634,48026
551.9250462055206,48058
552.3044540882111,48090
552.4047591686249,48093
552.7169513702393,48103
552.8888854980469,48135
552.9072182178497,48167
552.9339089393616,48199
553.037355184555,48203
553.0827634334564,48208
553.1417119503021,48209
553.2515425682068,48219
553.4244282245636,48231
553.446138381958,48237
554.3512980937958,48269
554.7153375148773,48301
554.7465336322784,48333
554.8577039241791,48365
555.3621542453766,48397
555.6878979206085,48407
555.748997926712,48439
555.7490158081055,48471
555.8530707359314,48503
555.8814520835876,48509
556.0455183982849,48518
556.0649566650391,48528
556.1785860061646,48538
556.3818647861481,48548
556.4948153495789,48558
557.3739349842072,48590
557.5634303092957,48622
557.6874556541443,48654
557.9322466850281,48686
558.0946688652039,48691
558.1116945743561,48704
558.4075648784637,48736
558.7354428768158,48746
559.0577383041382,48756
559.4482727050781,48788
559.7180452346802,48796
560.3580329418182,48828
560.6865484714508,48838
560.7385239601135,48870
560.7424507141113,48902
560.8095531463623,48934
561.1490159034729,48947
561.1525650024414,48960
561.7003901004791,48992
561.808806180954,49024
561.8779900074005,49026
561.9140141010284,49027
561.989049911499,49036
562.401349067688,49068
562.9196536540985,49100
563.0386748313904,49132
563.2655394077301,49139
563.3284246921539,49150
563.4214725494385,49182
563.7356128692627,49214
563.7404351234436,49224
564.0545165538788,49234
564.0773775577545,49244
564.361487865448,49276
564.6965119838715,49286
565.4420282840729,49318
565.5456876754761,49350
565.744820356369,49382
565.828625202179,49394
565.8646667003632,49404
566.0624153614044,49414
566.414370059967,49446
566.7399580478668,49456
567.6195499897003,49488
567.6897542476654,49520
567.7599873542786,49522
568.4099457263947,49554
568.6077091693878,49560
568.6317806243896,49592
568.6418681144714,49624
568.830730676651,49630
568.9654641151428,49640
569.095947265625,49644
569.7394359111786,49676
569.9391236305237,49708
570.1875214576721,49740
570.339380979538,49772
570.5066800117493,49782
570.693532705307,49793
570.7585167884827,49825
570.8602464199066,49828
570.9561190605164,49860
570.9608156681061,49863
571.3611578941345,49876
571.5263826847076,49881
572.0645356178284,49913
572.3272175788879,49921
572.3931648731232,49953
572.6253981590271,49985
572.7203869819641,49995
573.0082061290741,50007
573.1361935138702,50039
573.4565825462341,50049
573.6537325382233,50081
573.9783158302307,50091
574.1067504882812,50123
574.2741076946259,50128
574.8627166748047,50160
575.0126938819885,50192
575.2994756698608,50224
575.3972859382629,50256
575.4316959381104,50260
575.7706573009491,50270
575.8924226760864,50302
575.9312558174133,50303
576.3114550113678,50315
576.8877918720245,50347
577.0184288024902,50379
577.4403648376465,50411
577.5907497406006,50443
577.7504768371582,50452
577.8939332962036,50484
577.9384379386902,50495
578.0405232906342,50527
578.2685828208923,50534
578.3052318096161,50547
578.6356754302979,50557
578.7911908626556,50589
578.8729612827301,50591
579.5781133174896,50623
579.6981394290924,50655
580.0265874862671,50687
580.2092661857605,50719
580.3512506484985,50729
580.5320773124695,50739
580.5752339363098,50771
580.7156000137329,50803
580.890296459198,50813
581.0380680561066,50823
581.2478764057159,50834
581.3740909099579,50844
582.5448434352875,50876
582.5831708908081,50908
582.73801612854,50940
583.2707326412201,50972
583.5597281455994,51004
583.658539056778,51016
583.743510723114,51048
583.889812707901,51058
584.0227899551392,51062
584.1649889945984,51075
584.5481927394867,51087
585.7103042602539,51119
585.9510064125061,51151
586.0268325805664,51161
586.22696185112,51193
586.2676134109497,51203
586.6086537837982,51215
587.774683713913,51247
587.9495215415955,51279
587.9882006645203,51280
588.0110094547272,51312
588.0167028903961,51344
588.0505352020264,51345
588.3355093002319,51355
588.7897825241089,51387
589.1118474006653,51397
589.5225574970245,51410
590.0726218223572,51442
590.0935685634613,51474
590.1465444564819,51506
590.2803926467896,51510
590.2868618965149,51516
591.1345961093903,51548
591.5203919410706,51560
591.9501922130585,51592
592.0887036323547,51624
592.2703790664673,51634
592.2923867702484,51666
592.3305494785309,51667
592.4179511070251,51677
593.2825937271118,51709
593.5022048950195,51741
593.6383283138275,51752
593.8259119987488,51762
594.3577806949615,51794
594.4976463317871,51798
594.6554334163666,51830
594.980055809021,51840
595.6401083469391,51872
595.8906552791595,51904
595.9639639854431,51914
596.1231758594513,51921
596.1440947055817,51953
596.4695317745209,51963
596.5043063163757,51995
596.8220448493958,52005
597.031610250473,52037
597.3624014854431,52047
598.0223245620728,52079
598.2797510623932,52111
598.3777446746826,52143
598.4126129150391,52147
598.6947197914124,52157
598.8155272006989,52189
598.8610055446625,52190
599.0567083358765,52222
599.0968894958496,52223
599.431266784668,52233
600.2773299217224,52265
600.3150231838226,52297
600.4465174674988,52301
600.6349720954895,52333
600.6653535366058,52365
600.9190833568573,52373
600.9645540714264,52383
601.2727589607239,52415
601.5887117385864,52425
601.7807199954987,52431
602.2642483711243,52463
602.5241601467133,52495
602.6075327396393,52527
602.6280944347382,52538
602.6635322570801,52542
602.6818747520447,52544
603.5235092639923,52576
603.6282382011414,52579
603.6533315181732,52611
603.9715759754181,52621
604.34490275383,52653
604.4813675880432,52685
604.653028011322,52717
604.6695964336395,52727
604.8031237125397,52737
605.2568182945251,52769
605.3664970397949,52772
605.6740357875824,52804
606.0001525878906,52814
606.6239502429962,52846
606.6255049705505,52878
606.8772790431976,52886
606.9294474124908,52918
607.1587407588959,52925
607.311585187912,52957
607.6546096801758,52989
607.7239925861359,53002
608.0398864746094,53014
608.266664981842,53021
608.6918313503265,53053
608.7452669143677,53085
609.0104031562805,53095
609.1556260585785,53127
609.4825615882874,53137
609.7068405151367,53169
609.7684292793274,53201
609.9834718704224,53209
610.0183529853821,53241
610.4848530292511,53273
611.0121541023254,53305
611.0371613502502,53337
611.2417447566986,53343
611.2520337104797,53375
611.4970531463623,53407
611.5799531936646,53416
611.8138167858124,53426
611.975076675415,53431
612.032995223999,53463
612.2599439620972,53495
612.3611145019531,53505
612.629280090332,53516
612.769433259964,53520
612.8370969295502,53533
613.1613166332245,53565
613.2728409767151,53597
613.507896900177,53607
613.6623101234436,53619
613.7998070716858,53651
613.8556349277496,53683
613.9588124752045,53686
614.1256110668182,53696
614.5525693893433,53728
614.6638224124908,53760
614.8968935012817,53770
614.9880895614624,53780
615.5170917510986,53812
615.8989596366882,53844
615.9424252510071,53876
615.9889605045319,53908
616.3970279693604,53921
616.5532562732697,53953
616.9174597263336,53985
616.9409320354462,53997
616.9744811058044,54029
617.2417550086975,54039
617.2674372196198,54049
617.3584516048431,54061
617.5078537464142,54069
618.0881125926971,54101
618.5214173793793,54133
618.550176858902,54165
618.56933426857,54197
618.847315788269,54207
618.9534804821014,54219
619.1001372337341,54251
619.2645304203033,54256
619.4716317653656,54262
619.5853142738342,54294
619.624124288559,54295
620.0099046230316,54307
620.7596218585968,54339
621.0153994560242,54371
621.6075086593628,54381
621.6724610328674,54413
621.7680149078369,54445
621.9429173469543,54477
622.0561079978943,54489
622.0799827575684,54493
622.0839986801147,54503
622.4049963951111,54513
622.6194162368774,54545
622.9490370750427,54555
623.9142134189606,54587
623.9849920272827,54619
624.0281283855438,54651
624.2626004219055,54683
624.3680772781372,54695
624.4259088039398,54700
624.9837110042572,54732
625.0297193527222,54764
625.055153131485,54766
625.3525447845459,54776
625.4141099452972,54787
625.6845703125,54797
626.2804527282715,54829
626.4008800983429,54861
626.705408334732,54893
627.0330815315247,54925
627.0406603813171,54935
627.2911148071289,54967
627.3572583198547,54977
627.6710515022278,54989
627.9989058971405,54999
628.3142488002777,55031
628.6617348194122,55063
628.6732773780823,55074
628.9890868663788,55106
629.073061466217,55138
629.3226158618927,55148
629.3966023921967,55158
629.6731703281403,55190
629.6914398670197,55222
629.7931425571442,55225
630.0001950263977,55235
630.1400692462921,55245
630.3370497226715,55277
630.4429316520691,55280
630.7658386230469,55312
630.8465983867645,55314
631.0890219211578,55346
631.4579594135284,55378
631.6811048984528,55410
631.8588254451752,55442
632.1096544265747,55474
632.1781067848206,55484
632.4443662166595,55494
632.4806325435638,55526
632.6981313228607,55558
632.7028052806854,55566
632.8639068603516,55578
633.019743680954,55588
633.3552148342133,55598
634.3717193603516,55630
634.5390331745148,55635
634.5393972396851,55667
634.580539226532,55668
634.7703630924225,55700
634.9314115047455,55732
635.3116688728333,55744
635.7880880832672,55776
636.1735677719116,55788
636.4896054267883,55798
636.4951369762421,55830
636.5551578998566,55862
636.658451795578,55894
637.0435359477997,55906
637.5156927108765,55938
637.6174354553223,55970
637.8016638755798,56002
637.9985103607178,56012
638.0991492271423,56044
638.1305811405182,56054
638.143789768219,56058
638.1472067832947,56059
638.5384700298309,56091
638.9229896068573,56103
639.1682767868042,56135
639.1773796081543,56167
639.5183131694794,56177
639.8725070953369,56209
639.9487135410309,56211
640.2155849933624,56243
640.723247051239,56275
640.7492139339447,56307
641.0316779613495,56339
641.0699837207794,56349
641.2519135475159,56381
641.5758984088898,56391
641.6448407173157,56393
641.7654404640198,56425
642.0887789726257,56435
642.418452501297,56445
643.2074704170227,56477
643.4767098426819,56509
643.5355734825134,56519
643.5866656303406,56551
643.6954686641693,56583
643.7965550422668,56593
643.9495160579681,56601
643.9699783325195,56613
645.1627433300018,56645
645.4663240909576,56677
645.4861929416656,56687
645.609094619751,56719
645.6208152770996,56751
645.7102954387665,56754
645.8484003543854,56766
647.2827746868134,56798
647.468252658844,56830
647.5273644924164,56862
647.537403345108,56864
647.599949836731,56874
647.8575246334076,56906
647.9082679748535,56918
648.1784160137177,56928
649.2065625190735,56960
649.3601529598236,56992
649.5681939125061,57003
649.6831979751587,57013
649.8125321865082,57045
649.9053437709808,57077
650.1948924064636,57089
650.225513458252,57099
651.0484445095062,57131
651.3659477233887,57141
651.5230576992035,57173
651.7775235176086,57205
651.8484208583832,57215
652.0613675117493,57247
652.1571619510651,57259
652.3297123908997,57266
653.2502121925354,57298
653.4630312919617,57304
653.557190656662,57336
653.8777465820312,57346
654.1102454662323,57378
654.5594029426575,57389
654.5595471858978,57421
654.9253523349762,57431
655.1019859313965,57463
655.5256168842316,57475
655.9346270561218,57507
655.9781544208527,57539
656.1144068241119,57543
656.1643271446228,57550
656.2136631011963,57582
656.5970985889435,57594
657.2109334468842,57626
657.395167350769,57658
657.5665392875671,57668
657.7777047157288,57680
658.2030465602875,57712
658.4257164001465,57744
658.526869058609,57754
658.778021812439,57765
658.8149526119232,57797
659.2295508384705,57810
659.3379461765289,57842
659.5317759513855,57874
659.6676125526428,57884
659.852867603302,57894
660.2414269447327,57926
660.5275361537933,57958
660.632176399231,57968
660.7324242591858,58000
660.7852873802185,58008
661.0490012168884,58018
661.6078939437866,58050
661.7492587566376,58082
662.1620011329651,58094
662.3962109088898,58126
662.4439973831177,58158
662.6329617500305,58190
662.7148604393005,58200
662.8249394893646,58212
662.9539189338684,58222
663.1164844036102,58227
663.2080307006836,58259
663.5513446331024,58269
664.1664574146271,58301
664.3945093154907,58333
664.6314888000488,58365
664.7134592533112,58375
664.9022023677826,58407
665.022665977478,58419
665.1709935665131,58451
665.2620077133179,58461
665.4965562820435,58471
665.5334634780884,58472
666.0262484550476,58504
666.4503679275513,58517
666.5348060131073,58549
666.6705646514893,58553
666.6715242862701,58585
666.7751905918121,58588
666.7787563800812,58620
667.1276547908783,58631
667.4588732719421,58663
667.6671295166016,58695
667.7870364189148,58705
668.0702042579651,58717
668.2128031253815,58749
668.4004957675934,58781
668.5606031417847,58791
668.8378286361694,58823
669.217570066452,58855
669.4661614894867,58887
669.6322088241577,58919
669.8485100269318,58931
669.8718991279602,58963
670.0726149082184,58970
670.1923432350159,58980
670.234931230545,59012
670.3559572696686,59017
670.642909526825,59029
671.0239362716675,59041
671.7059962749481,59073
672.1246061325073,59105
672.3350071907043,59137
672.4047389030457,59139
672.4415724277496,59149
672.7430391311646,59181
672.7618498802185,59213
673.0271003246307,59221
673.0664806365967,59231
673.4113056659698,59241
673.7693190574646,59273
673.9926106929779,59279
674.1567363739014,59311
674.1976063251495,59312
674.2690398693085,59344
674.7305881977081,59376
674.9945931434631,59408
675.1403317451477,59420
675.287122964859,59452
675.3794543743134,59464
675.6056754589081,59474
675.6114184856415,59506
675.7739791870117,59511
676.161440372467,59543
676.3272385597229,59548
676.3988809585571,59580
676.7355716228485,59590
676.8852682113647,59622
676.9525711536407,59654
677.0104355812073,59657
677.2726774215698,59667
677.6318576335907,59699
677.7378540039062,59731
677.9610104560852,59741
678.0854067802429,59751
678.4293432235718,59783
678.5877230167389,59815
678.7706325054169,59825
678.9736504554749,59857
678.974711894989,59869
679.1171643733978,59901
679.2978336811066,59911
679.4678866863251,59921
680.050999879837,59953
680.079628944397,59985
680.3119065761566,60017
680.6803200244904,60049
680.709300994873,60061
681.098738193512,60073
681.1287322044373,60105
681.2784736156464,60137
681.5181105136871,60147
681.5957133769989,60157
681.7156875133514,60189
681.9641358852386,60201
682.1035308837891,60213
682.4367825984955,60245
682.7338333129883,60277
683.0805056095123,60309
683.1371293067932,60341
683.444605588913,60373
683.7349045276642,60405
683.8436627388,60416
684.0605988502502,60426
684.1151831150055,60458
684.1644911766052,60490
684.4999096393585,60500
684.8760268688202,60532
684.8985390663147,60544
685.0728621482849,60576
685.154735326767,60608
685.2007806301117,60618
685.2133362293243,60622
685.272331237793,60625
685.4425876140594,60630
685.9304285049438,60662
686.2488873004913,60694
686.571736574173,60704
686.675411939621,60736
686.9645621776581,60768
687.0233299732208,60800
687.3097953796387,60810
687.3180561065674,60818
687.5809831619263,60850
687.6600196361542,60860
687.6905980110168,60892
687.8969514369965,60902
687.9680309295654,60904
688.0514724254608,60915
688.3621747493744,60947
688.5227258205414,60960
688.6999900341034,60970
688.7360565662384,61002
688.993804693222,61034
689.1535291671753,61046
689.5449752807617,61078
689.7338120937347,61110
690.0098941326141,61142
690.2951664924622,61174
690.3284921646118,61184
690.5688338279724,61216
690.7754683494568,61248
690.8961567878723,61258
691.1655683517456,61270
691.3008267879486,61282
691.357259273529,61314
691.5231938362122,61324
691.7118182182312,61334
691.796117067337,61366
691.9979722499847,61374
692.3584599494934,61406
692.7452440261841,61438
692.861191034317,61470
693.1108255386353,61502
693.1224889755249,61510
693.39826130867,61542
693.6285009384155,61549
693.8309209346771,61581
694.1458990573883,61613
694.197566986084,61624
694.2140367031097,61656
694.7089099884033,61688
694.7628741264343,61689
695.3138201236725,61721
695.3142218589783,61753
695.3188917636871,61785
695.6489536762238,61795
695.6516983509064,61805
695.8443357944489,61837
696.1718468666077,61847
696.3444352149963,61879
696.6774134635925,61889
696.6777045726776,61921
696.7147486209869,61953
696.9572701454163,61959
697.0633816719055,61969
697.2007527351379,62001
697.2468662261963,62002
697.2933232784271,62012
697.3934030532837,62022
697.7707269191742,62054
698.111044883728,62064
698.4084005355835,62096
698.4994304180145,62128
698.5056970119476,62160
698.7366862297058,62170
699.1402750015259,62202
699.4650447368622,62212
699.5752947330475,62244
699.6474606990814,62276
699.774097442627,62308
699.8955755233765,62314
699.897643327713,62324
700.1715753078461,62335
700.5123090744019,62345
700.5184240341187,62377
700.9348635673523,62409
700.9714651107788,62441
701.2732558250427,62451
701.3028366565704,62461
701.5429470539093,62493
701.8645298480988,62502
702.278094291687,62514
702.3566200733185,62546
702.3569428920746,62578
702.6226332187653,62586
702.8515396118164,62598
703.1337678432465,62630
703.3321998119354,62662
703.6374423503876,62694
703.6539690494537,62704
703.9266500473022,62736
703.9620926380157,62746
704.1724228858948,62778
704.265634059906,62788
704.7087144851685,62820
705.0027055740356,62852
705.240795135498,62884
705.3903708457947,62896
705.4054749011993,62928
705.7235491275787,62960
706.1102910041809,62972
706.2793626785278,63004
706.4399101734161,63036
706.4457385540009,63068
706.4799749851227,63069
706.6805741786957,63081
706.912962436676,63088
707.1272990703583,63120
707.2619593143463,63130
707.4647459983826,63162
707.5390281677246,63194
707.5637395381927,63201
707.5808415412903,63202
707.7870543003082,63212
707.9569647312164,63222
708.1258611679077,63254
708.165983915329,63255
708.7259607315063,63287
708.840654373169,63319
709.1189739704132,63351
709.1591169834137,63361
709.2014689445496,63393
709.3511765003204,63400
709.5369389057159,63412
709.5862202644348,63424
709.7737021446228,63456
709.9724886417389,63468
710.3896064758301,63500
710.5998048782349,63532
710.7972371578217,63564
710.8543825149536,63572
710.9941501617432,63604
711.3175392150879,63614
711.4354095458984,63646
711.7539331912994,63656
711.8197331428528,63688
711.8565001487732,63720
712.1426856517792,63730
712.3242154121399,63762
712.5280654430389,63774
712.7802155017853,63806
712.8564577102661,63838
712.9295389652252,63850
713.1059882640839,63860
713.1732263565063,63870
713.2390410900116,63879
713.3415224552155,63911
713.430465221405,63921
714.1699063777924,63953
714.2684969902039,63985
714.3360784053802,64017
714.4407515525818,64049
714.4803388118744,64050
714.5459861755371,64062
714.7995629310608,64072
714.9230434894562,64084
715.2895975112915,64116
715.3030345439911,64128
715.3293645381927,64160
715.644068479538,64170
715.8041443824768,64202
715.9676160812378,64207
715.9885523319244,64218
716.0250499248505,64219
716.2991709709167,64251
716.2993602752686,64283
716.3051190376282,64292
716.3712863922119,64294
717.3112661838531,64326
717.6325476169586,64358
717.6947221755981,64370
717.9576234817505,64380
718.0791041851044,64392
718.2411794662476,64397
719.0736393928528,64429
719.3900992870331,64439
719.9302003383636,64471
720.1238615512848,64477
724.2389614582062,64509
724.5515184402466,64519
724.9773921966553,64535
